z1,z2,z3,gibbs_e_mix,gibbs_e_mix_RT
0.0,0.0,1.0,0.0008563382580177858,3.342513383674961e-7
0.0,0.02,0.98,-247.2853420978863,-0.09652197105640223
0.0,0.04,0.96,-421.8397296699404,-0.1646551381987091
0.0,0.06,0.94,-567.8784332318392,-0.22165788409028042
0.0,0.08,0.92,-694.7941185501622,-0.2711964131473302
0.0,0.1,0.9,-807.0440984108427,-0.315010531749255
0.0,0.12,0.88,-907.2511975927118,-0.3541239973708838
0.0,0.14,0.86,-997.1467394252395,-0.38921259103052797
0.0,0.16,0.84,-1077.9600226658513,-0.4207561403559687
0.0,0.18,0.82,-1150.60938159137,-0.4491130953618151
0.0,0.2,0.8,-1215.8071506541237,-0.47456149891468746
0.0,0.22,0.78,-1274.1222006587705,-0.49732339624733685
0.0,0.24,0.76,-1326.0195506292948,-0.5175802965118744
0.0,0.26,0.74,-1371.886694518129,-0.5354834487865668
0.0,0.28,0.72,-1412.0517905832385,-0.5511609418679785
0.0,0.3,0.7,-1446.79663714028,-0.5647227690482178
0.0,0.32,0.68,-1476.366180511206,-0.5762645393172772
0.0,0.34,0.66,-1500.9756418616234,-0.5858702591550441
0.0,0.36,0.64,-1520.8159633475516,-0.5936144583055801
0.0,0.38,0.62,-1536.0580385035573,-0.5995638410088425
0.0,0.4,0.6,-1546.8560432035447,-0.6037785861622633
0.0,0.42,0.58,-1553.35008680799,-0.6063133821332237
0.0,0.44,0.56,-1555.6683383286036,-0.6072182566570261
0.0,0.46,0.54,-1553.9287378055378,-0.6065392448324166
0.0,0.48,0.52,-1548.2403714077118,-0.6043189258593987
0.0,0.5,0.5,-1538.7045654851754,-0.6005968500766368
0.0,0.52,0.48,-1525.4157369450804,-0.595409870885558
0.0,0.54,0.46,-1508.4620228354142,-0.5887923904934369
0.0,0.56,0.44,-1487.9256993934105,-0.5807765234790089
0.0,0.58,0.42,-1463.883388813796,-0.5713921774995534
0.0,0.6,0.4,-1436.4060394754997,-0.5606670455728585
0.0,0.62,0.38,-1405.5586511015717,-0.5486264987999112
0.0,0.64,0.36,-1371.3996988102372,-0.5352933615568793
0.0,0.66,0.34,-1333.98018719826,-0.5206875422789771
0.0,0.68,0.32,-1293.3422345109175,-0.5048254808247787
0.0,0.7,0.3,-1249.517043060565,-0.48771935627721963
0.0,0.72,0.28,-1202.5220481764063,-0.46937597410372645
0.0,0.74,0.26,-1152.3569423344852,-0.4497952142696131
0.0,0.76,0.24,-1098.9981238008568,-0.42896786439754514
0.0,0.78,0.22,-1042.3908851492815,-0.40687257074060296
0.0,0.8,0.2,-982.4382725216419,-0.38347148965869204
0.0,0.82,0.18,-918.9848894551706,-0.3587039658264531
0.0,0.84,0.16,-851.7927436504688,-0.3324771045917434
0.0,0.86,0.14,-780.5040137835813,-0.3046512388833925
0.0,0.88,0.12,-704.5811254674181,-0.2750165392833235
0.0,0.9,0.1,-623.2046643434733,-0.2432531668220126
0.0,0.92,0.08,-535.0854960591669,-0.20885793846559333
0.0,0.94,0.06,-438.0788138405719,-0.17099367973539153
0.0,0.96,0.04,-328.24506911564595,-0.128122681238606
0.0,0.98,0.02,-196.753472209665,-0.07679805357145046
0.0,1.0,0.0,0.0012370982221909799,4.828719639556228e-7
0.02,0.0,0.98,-225.0417322838839,-0.0878397052801834
0.02,0.02,0.96,-469.2755854267525,-0.18317059996264284
0.02,0.04,0.94,-640.7336678281863,-0.2500951977836751
0.02,0.06,0.92,-783.6315975690814,-0.30587201707048384
0.02,0.08,0.9,-907.3615402411233,-0.3541670670078704
0.02,0.1,0.88,-1016.3803179970128,-0.3967199624681802
0.02,0.12,0.86,-1113.3102754230058,-0.43455427349445425
0.02,0.14,0.84,-1199.882266919638,-0.46834559806971077
0.02,0.16,0.82,-1277.3251342869917,-0.498573585459265
0.02,0.18,0.8,-1346.5567673579353,-0.5255965121995645
0.02,0.2,0.78,-1408.2890689673513,-0.5496922526855917
0.02,0.22,0.76,-1463.0904911320904,-0.5710826886862052
0.02,0.24,0.74,-1511.4256465104045,-0.5899491707382856
0.02,0.26,0.72,-1553.6816341652593,-0.606442793784358
0.02,0.28,0.7,-1590.1862272960861,-0.6206914963225159
0.02,0.3,0.68,-1621.2208464440919,-0.6328051241895672
0.02,0.32,0.66,-1647.030063735714,-0.6428791403171558
0.02,0.34,0.64,-1667.8287245332685,-0.6509974044992632
0.02,0.36,0.62,-1683.807386502609,-0.6572342964033302
0.02,0.38,0.6,-1695.1365405076285,-0.6616563630963619
0.02,0.4,0.58,-1701.969928996983,-0.6643236142985198
0.02,0.42,0.56,-1704.4471806433467,-0.665290550752097
0.02,0.44,0.54,-1702.6959149683134,-0.6646069857119551
0.02,0.46,0.52,-1696.8334257284332,-0.6623187020153574
0.02,0.48,0.5,-1686.9680197258567,-0.6584679746549649
0.02,0.5,0.48,-1673.2000638552236,-0.6530939794687681
0.02,0.52,0.46,-1655.622774571213,-0.6462331012900296
0.02,0.54,0.44,-1634.3227684255398,-0.6379191488363494
0.02,0.56,0.42,-1609.380378252401,-0.6281834781251586
0.02,0.58,0.4,-1580.8697255709303,-0.6170550207343006
0.02,0.6,0.38,-1548.858524422929,-0.6045602072347404
0.02,0.62,0.36,-1513.4075735469341,-0.5907227689727499
0.02,0.64,0.34,-1474.5698703821581,-0.5755633922423501
0.02,0.66,0.32,-1432.3892488698802,-0.5590991865833769
0.02,0.68,0.3,-1386.8983988024374,-0.5413429116813135
0.02,0.7,0.28,-1338.116060352515,-0.5223018823183067
0.02,0.72,0.26,-1286.0430916097575,-0.5019764334293071
0.02,0.74,0.24,-1230.6569595179717,-0.48035776977000594
0.02,0.76,0.22,-1171.9039705597024,-0.45742493334874174
0.02,0.78,0.2,-1109.6881730052119,-0.43314047168247605
0.02,0.8,0.18,-1043.8552054943939,-0.407444133473635
0.02,0.82,0.16,-974.1681912979911,-0.3802434595064344
0.02,0.84,0.14,-900.2705563910849,-0.35139926956331385
0.02,0.86,0.12,-821.6261615640533,-0.3207022944136982
0.02,0.88,0.1,-737.4172777948315,-0.28783335291919043
0.02,0.9,0.08,-646.3567760429896,-0.25229004477198314
0.02,0.92,0.06,-546.3022537852144,-0.21323613393563323
0.02,0.94,0.04,-433.31705561373155,-0.1691350402954253
0.02,0.96,0.02,-298.5738771031072,-0.11654123483201086
0.02,0.98,0.0,-98.47165430830137,-0.03843607585628567
0.04,0.0,0.96,-377.16397819267877,-0.147217017708315
0.04,0.02,0.94,-618.3039347612867,-0.24134028320798978
0.04,0.04,0.92,-786.6235403028768,-0.3070398509885957
0.04,0.06,0.9,-926.3379155839575,-0.3615740452624546
0.04,0.08,0.88,-1046.8387393252124,-0.4086086851758142
0.04,0.1,0.86,-1152.582358263986,-0.4498832000339061
0.04,0.12,0.84,-1246.1906539758638,-0.4864209791545321
0.04,0.14,0.82,-1329.3940311038023,-0.5188974449685018
0.04,0.16,0.8,-1403.4208956416624,-0.547792076634503
0.04,0.18,0.78,-1469.1887160547412,-0.5734629862181411
0.04,0.2,0.76,-1527.4089884464265,-0.5961878893564017
0.04,0.22,0.74,-1578.6497725471636,-0.6161885146984445
0.04,0.24,0.72,-1623.375302469729,-0.633646065024898
0.04,0.26,0.7,-1661.9723110968553,-0.6487114923485138
0.04,0.28,0.68,-1694.7682155673538,-0.6615125961875635
0.04,0.3,0.66,-1722.044087112714,-0.6721590860340877
0.04,0.32,0.64,-1744.044150490161,-0.6807462892323929
0.04,0.34,0.62,-1760.9828989751695,-0.6873579281477091
0.04,0.36,0.6,-1773.0505244067172,-0.692068239655628
0.04,0.38,0.58,-1780.417126035889,-0.6949436179663793
0.04,0.4,0.56,-1783.2360129966728,-0.6960439036660159
0.04,0.42,0.54,-1781.6463180700885,-0.6954234039372793
0.04,0.44,0.52,-1775.7750750642808,-0.6931317034156715
0.04,0.46,0.5,-1765.738866750129,-0.6892143074220541
0.04,0.48,0.48,-1751.645117610813,-0.6837131465567944
0.04,0.5,0.46,-1733.5930810441532,-0.6766669620307963
0.04,0.52,0.44,-1711.674550983087,-0.6681115834296836
0.04,0.54,0.42,-1685.9743109241936,-0.6580801039814389
0.04,0.56,0.4,-1656.5703172780195,-0.6466029521228577
0.04,0.58,0.38,-1623.533597114736,-0.6337078515869891
0.04,0.6,0.36,-1586.9278209785407,-0.6194196546613647
0.04,0.62,0.34,-1546.8084872411127,-0.6037600238197061
0.04,0.64,0.32,-1503.2216223527685,-0.5867469243957752
0.04,0.66,0.3,-1456.2018567002633,-0.5683938735400824
0.04,0.68,0.28,-1405.769671344593,-0.548708865549256
0.04,0.7,0.26,-1351.927514877516,-0.527692856173042
0.04,0.72,0.24,-1294.6543420402231,-0.5053376308935701
0.04,0.74,0.22,-1233.8978915953903,-0.481622790775774
0.04,0.76,0.2,-1169.563636354611,-0.4565114393725532
0.04,0.78,0.18,-1101.4986811951785,-0.4299438976973436
0.04,0.8,0.16,-1029.4677094953167,-0.4018283154853318
0.04,0.82,0.14,-953.1158572564518,-0.37202617998720267
0.04,0.84,0.12,-871.9089063615493,-0.34032897182533056
0.04,0.86,0.1,-785.0313275440731,-0.3064183684837408
0.04,0.88,0.08,-691.1985457466371,-0.2697929665413617
0.04,0.9,0.06,-588.271151923977,-0.22961769839494195
0.04,0.92,0.04,-472.3160206179432,-0.18435736176192008
0.04,0.94,0.02,-334.51002485340064,-0.1305680581916396
0.04,0.96,0.0,-131.25705347846815,-0.051233079200393224
0.06,0.0,0.94,-500.5920655715163,-0.1953942455878848
0.06,0.02,0.92,-738.5964628741349,-0.2882936198607288
0.06,0.04,0.9,-903.7353351544516,-0.3527516638163551
0.06,0.06,0.88,-1040.2233205321972,-0.4060265132773576
0.06,0.08,0.86,-1157.451627586619,-0.45178380388141987
0.06,0.1,0.84,-1259.8761464978306,-0.4917627867274816
0.06,0.12,0.82,-1350.1183168611678,-0.5269866786168319
0.06,0.14,0.8,-1429.9081167755648,-0.558130735488933
0.06,0.16,0.78,-1500.4735417936972,-0.5856742762964863
0.06,0.18,0.76,-1562.7316664398386,-0.6099752593395572
0.06,0.2,0.74,-1617.3936094085075,-0.6313112529425264
0.06,0.22,0.72,-1665.0270690980324,-0.6499038447171277
0.06,0.24,0.7,-1706.0959332678467,-0.6659341022531728
0.06,0.26,0.68,-1740.986601490622,-0.6795528474637327
0.06,0.28,0.66,-1770.0261676164155,-0.6908877536789777
0.06,0.3,0.64,-1793.4953851865648,-0.7000484063881288
0.06,0.32,0.62,-1811.6381606424184,-0.7071300086884362
0.06,0.34,0.6,-1824.6686597814405,-0.7122161551218521
0.06,0.36,0.58,-1832.7767263010574,-0.7153809466751664
0.06,0.38,0.56,-1836.1320753421933,-0.7166906276303135
0.06,0.4,0.54,-1834.8875757706446,-0.7162048667250951
0.06,0.42,0.52,-1829.1818374668837,-0.7139777670404198
0.06,0.44,0.5,-1819.1412541222417,-0.7100586633573664
0.06,0.46,0.48,-1804.881606088933,-0.7044927477916931
0.06,0.48,0.46,-1786.5092943843301,-0.6973215514581518
0.06,0.5,0.44,-1764.1222512864333,-0.6885832998998436
0.06,0.52,0.42,-1737.8105518463308,-0.6783131517776106
0.06,0.54,0.4,-1707.6567316652654,-0.6665433229067808
0.06,0.56,0.38,-1673.735797380923,-0.6533030903502414
0.06,0.58,0.36,-1636.1148954218188,-0.6386186631245669
0.06,0.6,0.34,-1594.8525793075169,-0.6225128962080295
0.06,0.62,0.32,-1549.9975828706301,-0.6050048116968886
0.06,0.64,0.3,-1501.5869615481133,-0.5861088733025103
0.06,0.66,0.28,-1449.6433990287096,-0.5658339350650483
0.06,0.68,0.26,-1394.1713802008835,-0.5441817475543944
0.06,0.7,0.24,-1335.1517835312552,-0.5211448471332955
0.06,0.72,0.22,-1272.5342117036398,-0.4967035624041148
0.06,0.74,0.2,-1206.225994669263,-0.4708217218101815
0.06,0.76,0.18,-1136.076142149599,-0.4434403898757006
0.06,0.78,0.16,-1061.8513472315917,-0.41446850077801467
0.06,0.8,0.14,-983.1989215782023,-0.3837683909857118
0.06,0.82,0.12,-899.5870550433528,-0.351132481015545
0.06,0.84,0.1,-810.2029317326105,-0.3162435074520161
0.06,0.86,0.08,-713.7650768302565,-0.2786012769798926
0.06,0.88,0.06,-608.1376601142006,-0.23737211890470872
0.06,0.9,0.04,-489.39171763983677,-0.1910224552920602
0.06,0.92,0.02,-348.7089856531027,-0.13611028593434715
0.06,0.94,0.0,-142.499054810105,-0.05562112791344132
0.08,0.0,0.92,-604.7298493722119,-0.23604196076830886
0.08,0.02,0.9,-839.5569738564009,-0.32770116191800286
0.08,0.04,0.88,-1001.472837231915,-0.39090118075339886
0.08,0.06,0.86,-1134.691613230927,-0.4428999718344165
0.08,0.08,0.84,-1248.604060846017,-0.48736299531324173
0.08,0.1,0.82,-1347.6656366125972,-0.5260293330258852
0.08,0.12,0.8,-1434.497363448063,-0.5599220391332801
0.08,0.14,0.78,-1510.828820590963,-0.5897162138891925
0.08,0.16,0.76,-1577.887623154049,-0.6158910277506182
0.08,0.18,0.74,-1636.5904839034338,-0.638804297813901
0.08,0.2,0.72,-1687.6481782574774,-0.6587334584137106
0.08,0.22,0.7,-1731.6280790082455,-0.675899970069095
0.08,0.24,0.68,-1768.9937643623052,-0.6904847795432429
0.08,0.26,0.66,-1800.1313377277838,-0.7026385931484167
0.08,0.28,0.64,-1825.3676061547958,-0.7124889722692278
0.08,0.3,0.62,-1844.9830399718412,-0.72014539184948
0.08,0.32,0.6,-1859.2212579585612,-0.7257029427044956
0.08,0.34,0.58,-1868.2961228615713,-0.7292451010875121
0.08,0.36,0.56,-1872.3971452626465,-0.7308458379615219
0.08,0.38,0.54,-1871.6936576399312,-0.7305712482451149
0.08,0.4,0.52,-1866.338070969483,-0.728480821949688
0.08,0.42,0.5,-1856.4684283252136,-0.724628440916646
0.08,0.44,0.48,-1842.2104035962475,-0.7190631589693401
0.08,0.46,0.46,-1823.6788467266779,-0.7118298050607748
0.08,0.48,0.44,-1800.97894239382,-0.7029694355361957
0.08,0.5,0.42,-1774.207021943006,-0.6925196510525894
0.08,0.52,0.4,-1743.4510452856048,-0.6805147846761507
0.08,0.54,0.38,-1708.790747666255,-0.666985959169393
0.08,0.56,0.36,-1670.2974232605193,-0.6519610025236231
0.08,0.58,0.34,-1628.0332908027667,-0.6354642003468232
0.08,0.6,0.32,-1582.0503524701162,-0.6175158504560498
0.08,0.62,0.3,-1532.3886112364453,-0.5981315670638322
0.08,0.64,0.28,-1479.0734464797952,-0.5773212564087362
0.08,0.66,0.26,-1422.1118508680393,-0.5550876479128958
0.08,0.68,0.24,-1361.4870834376725,-0.5314242071380736
0.08,0.7,0.22,-1297.1510592749055,-0.5063121652780895
0.08,0.72,0.2,-1229.0134113977565,-0.4797162497237979
0.08,0.74,0.18,-1156.9255032577512,-0.4515784437221309
0.08,0.76,0.16,-1080.656494860994,-0.42180864435384385
0.08,0.78,0.14,-999.8563444226647,-0.3902702211064434
0.08,0.8,0.12,-913.9961398133137,-0.35675672566877187
0.08,0.82,0.1,-822.2662934345044,-0.3209521547141422
0.08,0.84,0.08,-723.3889766177499,-0.28235773811445697
0.08,0.86,0.06,-615.2325214771231,-0.24014142984449793
0.08,0.88,0.04,-493.8727540060677,-0.19277152160862665
0.08,0.9,0.02,-350.4969551659858,-0.13680817744747986
0.08,0.92,0.0,-141.52116120189385,-0.05523943032575885
0.1,0.0,0.9,-694.0470761825782,-0.2709048228687875
0.1,0.02,0.88,-925.655231661236,-0.36130757577716055
0.1,0.04,0.86,-1084.305864971393,-0.42323308946321314
0.1,0.06,0.84,-1214.212707729508,-0.47393914591747704
0.1,0.08,0.82,-1324.7660941594222,-0.5170910394937305
0.1,0.1,0.8,-1420.4210745694218,-0.5544276934668558
0.1,0.12,0.78,-1503.7982852313216,-0.5869720110798496
0.1,0.14,0.76,-1576.6269391337555,-0.6153989496295064
0.1,0.16,0.74,-1640.1343060318031,-0.6401875447706418
0.1,0.18,0.72,-1695.2367742894276,-0.6616954869769106
0.1,0.2,0.7,-1742.6448153597157,-0.6802000919373442
0.1,0.22,0.68,-1782.9255172178891,-0.6959227089994876
0.1,0.24,0.66,-1816.5421901039226,-0.7090441803321226
0.1,0.26,0.64,-1843.8806826963482,-0.7197151128198527
0.1,0.28,0.62,-1865.2675552347937,-0.7280629715106668
0.1,0.3,0.6,-1880.983031635471,-0.7341971351671738
0.1,0.32,0.58,-1891.27047430124,-0.7382125945340969
0.1,0.34,0.56,-1896.343465610098,-0.7401927164294302
0.1,0.36,0.54,-1896.391193029358,-0.7402113456960956
0.1,0.38,0.52,-1891.582598315883,-0.7383344247438934
0.1,0.4,0.5,-1882.0696013493762,-0.7346212518964007
0.1,0.42,0.48,-1867.9896106919368,-0.7291254613283783
0.1,0.44,0.46,-1849.4674658661097,-0.7218957811879626
0.1,0.46,0.44,-1826.6169085908914,-0.7129766078587638
0.1,0.48,0.42,-1799.5416442937385,-0.7024084202959128
0.1,0.5,0.4,-1768.3360261223643,-0.6902280470138513
0.1,0.52,0.38,-1733.0853677493542,-0.6764687881821978
0.1,0.54,0.36,-1693.865865425214,-0.6611603852010026
0.1,0.56,0.34,-1650.7440809199688,-0.6443288188792587
0.1,0.58,0.32,-1603.7759015455013,-0.6259959035042758
0.1,0.6,0.3,-1553.0048463739477,-0.606178625714184
0.1,0.62,0.28,-1498.459521562445,-0.5848881512442743
0.1,0.64,0.26,-1440.1499303757646,-0.5621283846318096
0.1,0.66,0.24,-1378.0621949849756,-0.537893908995259
0.1,0.68,0.22,-1312.1510123331645,-0.5121670413603264
0.1,0.7,0.2,-1242.3287813604275,-0.48491358872997914
0.1,0.72,0.18,-1168.4496815899638,-0.45607663353796857
0.1,0.74,0.16,-1090.285807612101,-0.4255672183104332
0.1,0.76,0.14,-1007.490242930261,-0.39324993241705575
0.1,0.78,0.12,-919.5374690442595,-0.3589196521694119
0.1,0.8,0.1,-825.6216451478431,-0.3222618367123203
0.1,0.82,0.08,-724.4691364534201,-0.28277935289966966
0.1,0.84,0.06,-613.9530212357681,-0.23964200725755852
0.1,0.86,0.04,-490.15454286153135,-0.19132020603355118
0.1,0.88,0.02,-344.2672064261885,-0.1343765427114697
0.1,0.9,0.0,-132.7142346063374,-0.051801855309219186
0.12,0.0,0.88,-771.1803741354379,-0.30101197717615313
0.12,0.02,0.86,-999.5279585519675,-0.39014204346664527
0.12,0.04,0.84,-1154.8712780262867,-0.4507766256011998
0.12,0.06,0.82,-1281.4236488061142,-0.5001733434410074
0.12,0.08,0.8,-1388.5750099060242,-0.5419973370792782
0.12,0.1,0.78,-1480.7800378187967,-0.5779873838808733
0.12,0.12,0.76,-1560.659017425045,-0.6091662499315641
0.12,0.14,0.74,-1629.940833484783,-0.6362087644118842
0.12,0.16,0.72,-1689.8524510201532,-0.6595938440313717
0.12,0.18,0.7,-1741.3099769405671,-0.679679069404569
0.12,0.2,0.68,-1785.0236235716366,-0.6967416550762409
0.12,0.22,0.66,-1821.560240166713,-0.7110028572145094
0.12,0.24,0.64,-1851.3829154581836,-0.7226434315279208
0.12,0.26,0.62,-1874.8772889858592,-0.7318139032687365
0.12,0.28,0.6,-1892.3697172283064,-0.7386416579516458
0.12,0.3,0.58,-1904.1402159498211,-0.7432359930920915
0.12,0.32,0.56,-1910.43192165031,-0.7456918112589346
0.12,0.34,0.54,-1911.4581550495423,-0.7460923771380824
0.12,0.36,0.52,-1907.40778218364,-0.7445114101094119
0.12,0.38,0.5,-1898.449331786731,-0.7410146913690897
0.12,0.4,0.48,-1884.7341771540232,-0.7356613058943927
0.12,0.42,0.46,-1866.3989914695958,-0.7285046008227047
0.12,0.44,0.44,-1843.5676174447035,-0.7195929152205058
0.12,0.46,0.42,-1816.352442929976,-0.7089701170209844
0.12,0.48,0.4,-1784.855336250992,-0.6966759681101045
0.12,0.5,0.38,-1749.1681631063948,-0.6827463260855314
0.12,0.52,0.36,-1709.3728769060544,-0.6672131795179924
0.12,0.54,0.34,-1665.5411427227664,-0.6501045011697362
0.12,0.56,0.32,-1617.733417536616,-0.631443888989725
0.12,0.58,0.3,-1565.9973609073968,-0.6112499457572905
0.12,0.6,0.28,-1510.3653829495543,-0.5895353219922809
0.12,0.62,0.26,-1450.851038401821,-0.5663053084656273
0.12,0.64,0.24,-1387.443826522771,-0.5415558064618482
0.12,0.66,0.22,-1320.10172136841,-0.515270412149987
0.12,0.68,0.2,-1248.7403717455963,-0.4874162010414594
0.12,0.7,0.18,-1173.2172526784652,-0.4579375418906825
0.12,0.72,0.16,-1093.3078746758256,-0.4267468105465952
0.12,0.74,0.14,-1008.6689360002192,-0.39371000731440997
0.12,0.76,0.12,-918.778815601775,-0.3586235297830379
0.12,0.78,0.1,-822.8359439950182,-0.3211745043061063
0.12,0.8,0.08,-719.5714321714286,-0.2808676501398592
0.12,0.82,0.06,-606.8636909680504,-0.23687485524966045
0.12,0.84,0.04,-480.8000098142652,-0.1876688858203338
0.12,0.86,0.02,-332.58079755206813,-0.12981503004949146
0.12,0.88,0.0,-118.63720353750796,-0.046307219946449554
0.14,0.0,0.86,-837.8763780338923,-0.3270451811794701
0.14,0.02,0.84,-1062.9219697284934,-0.4148863928891345
0.14,0.04,0.82,-1214.9161221088943,-0.4742137070450868
0.14,0.06,0.8,-1338.0717677824505,-0.5222845937635969
0.14,0.08,0.78,-1441.7784853763005,-0.5627640524691828
0.14,0.1,0.76,-1530.4906155010904,-0.5973907294230771
0.14,0.12,0.74,-1606.8281326467695,-0.6271872695574139
0.14,0.14,0.72,-1672.5196372840219,-0.6528283910871262
0.14,0.16,0.7,-1728.7918363389836,-0.6747929099800943
0.14,0.18,0.68,-1776.5606042128493,-0.6934383160967906
0.14,0.2,0.66,-1816.5359447762312,-0.7090417426165122
0.14,0.22,0.64,-1849.2845201227174,-0.7218243726540042
0.14,0.24,0.62,-1875.269248760087,-0.7319668954746729
0.14,0.26,0.6,-1894.875610491872,-0.7396197739815097
0.14,0.28,0.58,-1908.4298033909836,-0.7449103318593117
0.14,0.3,0.56,-1916.211673472757,-0.747947800366039
0.14,0.32,0.54,-1918.46415891188,-0.7488270046590049
0.14,0.34,0.52,-1915.4003303770696,-0.7476311118226163
0.14,0.36,0.5,-1907.208721286781,-0.7444337114073292
0.14,0.38,0.48,-1894.057404323048,-0.7393004066001866
0.14,0.4,0.46,-1876.0971193074365,-0.7322900351170464
0.14,0.42,0.44,-1853.4636572953896,-0.7234555997772913
0.14,0.44,0.42,-1826.279636182022,-0.7128449615694575
0.14,0.46,0.4,-1794.6557519403214,-0.7005013280424037
0.14,0.48,0.38,-1758.691548887622,-0.6864635539605695
0.14,0.5,0.36,-1718.4757164393013,-0.6707662571347456
0.14,0.52,0.34,-1674.085883986656,-0.6534397383575156
0.14,0.54,0.32,-1625.5878451594508,-0.6345096786125316
0.14,0.56,0.3,-1573.034092151829,-0.6139965669833797
0.14,0.58,0.28,-1516.4614720716327,-0.5919147858650955
0.14,0.6,0.26,-1455.8876781465933,-0.5682712413896823
0.14,0.62,0.24,-1391.3061388098267,-0.5430633685017948
0.14,0.64,0.22,-1322.6786319799794,-0.5162762481180825
0.14,0.66,0.2,-1249.9245662209105,-0.48787842328197606
0.14,0.68,0.18,-1172.9052127681243,-0.45781574450900653
0.14,0.7,0.16,-1091.3999967217678,-0.4260021156160408
0.14,0.72,0.14,-1005.0697345676772,-0.3923051443591263
0.14,0.74,0.12,-913.3972176766356,-0.35652295061097405
0.14,0.76,0.1,-815.5856811468693,-0.3183445360805601
0.14,0.78,0.08,-710.371540343046,-0.27727669046045506
0.14,0.8,0.06,-595.6391300641831,-0.23249361399414342
0.14,0.82,0.04,-467.48241811269645,-0.18247067961104316
0.14,0.84,0.02,-317.10939924760055,-0.12377613649164054
0.14,0.86,0.0,-100.95989157194344,-0.039407300285138606
0.16,0.0,0.84,-895.3813600796348,-0.3494908876881113
0.16,0.02,0.82,-1117.0838146303286,-0.4360271850672123
0.16,0.04,0.8,-1265.6872816596806,-0.4940310255771377
0.16,0.06,0.78,-1385.4043473979473,-0.540759744134068
0.16,0.08,0.76,-1485.6242707328274,-0.579878215359811
0.16,0.1,0.74,-1570.8011004134532,-0.6131249715943761
0.16,0.12,0.72,-1643.554547839558,-0.6415225550788684
0.16,0.14,0.7,-1705.6129795720553,-0.6657455927270873
0.16,0.16,0.68,-1758.2028975568683,-0.6862728204977465
0.16,0.18,0.66,-1802.2399990070626,-0.7034616590901325
0.16,0.2,0.64,-1838.4341360837425,-0.7175891824673323
0.16,0.22,0.62,-1867.3518407879965,-0.7288765229655682
0.16,0.24,0.6,-1889.4559172642912,-0.7375043252112382
0.16,0.26,0.58,-1905.1317381520967,-0.743623010278383
0.16,0.28,0.56,-1914.7053895908284,-0.7473598581612128
0.16,0.3,0.54,-1918.456584453088,-0.7488240481485782
0.16,0.32,0.52,-1916.6280843052082,-0.7481103364629077
0.16,0.34,0.5,-1909.4327099073416,-0.7453017926427247
0.16,0.36,0.48,-1897.058631736596,-0.740471864572934
0.16,0.38,0.46,-1879.6733937958597,-0.7336859490832074
0.16,0.4,0.44,-1857.4269717057723,-0.7250025856016875
0.16,0.42,0.42,-1830.4540644073968,-0.714474350666799
0.16,0.44,0.4,-1798.875747253529,-0.7021485031722516
0.16,0.46,0.38,-1762.8005602884114,-0.6880674091512278
0.16,0.48,0.36,-1722.3250607678565,-0.6722687574395143
0.16,0.5,0.34,-1677.5338271820438,-0.654785561245706
0.16,0.52,0.32,-1628.4988575544157,-0.6356459232914435
0.16,0.54,0.3,-1575.2782513361308,-0.6148725213201611
0.16,0.56,0.28,-1517.913993467324,-0.592481743157931
0.16,0.58,0.26,-1456.428558605372,-0.5684823612544682
0.16,0.6,0.24,-1390.8199026780185,-0.5428735777546247
0.16,0.62,0.22,-1321.0541724796894,-0.5156421788621408
0.16,0.64,0.2,-1247.0550778867073,-0.48675838653579884
0.16,0.66,0.18,-1168.6882132257851,-0.4561697387072983
0.16,0.68,0.16,-1085.7374384307095,-0.4237918702256837
0.16,0.7,0.14,-997.8682093811867,-0.3894941997244166
0.16,0.72,0.12,-904.5682592980038,-0.353076776010204
0.16,0.74,0.1,-805.0461728617829,-0.3142306888746908
0.16,0.76,0.08,-698.0442378742291,-0.27246502017703134
0.16,0.78,0.06,-581.4533121108675,-0.226956516249954
0.16,0.8,0.04,-451.3746802012224,-0.17618340597288318
0.16,0.82,0.02,-299.0246100386637,-0.11671716774817509
0.16,0.84,0.0,-80.85233487195183,-0.031558792203962904
0.18,0.0,0.82,-944.6324609726798,-0.36871488735814706
0.18,0.02,0.8,-1162.9510198078715,-0.4539303612644993
0.18,0.04,0.78,-1308.1227353679642,-0.5105946989426818
0.18,0.06,0.76,-1424.359890905158,-0.5559651170485734
0.18,0.08,0.74,-1521.051472649866,-0.5937063837786739
0.18,0.1,0.72,-1602.6512881985327,-0.625556937344758
0.18,0.12,0.7,-1671.7788400370991,-0.6525392384433847
0.18,0.14,0.68,-1730.162318164119,-0.6753278450714216
0.18,0.16,0.66,-1779.028079584219,-0.6944014366131837
0.18,0.18,0.64,-1819.2917063328205,-0.710117388811094
0.18,0.2,0.62,-1851.6629618069564,-0.722752740981289
0.18,0.22,0.6,-1876.7083103432087,-0.7325285990487548
0.18,0.24,0.58,-1894.8905016358876,-0.7396255863865616
0.18,0.26,0.56,-1906.594855844418,-0.7441941035844085
0.18,0.28,0.54,-1912.147392974006,-0.7463614048225852
0.18,0.3,0.52,-1911.827724770661,-0.746236629917574
0.18,0.32,0.5,-1905.8784478823836,-0.7439144707198423
0.18,0.34,0.48,-1894.5121157952344,-0.7394778924438077
0.18,0.36,0.46,-1877.9164779715866,-0.7330001786412541
0.18,0.38,0.44,-1856.258435368327,-0.7245464751440907
0.18,0.4,0.42,-1829.6870078284628,-0.7141749483153196
0.18,0.42,0.4,-1798.3355051872568,-0.7019376324888468
0.18,0.44,0.38,-1762.3230195828219,-0.6878810124575454
0.18,0.46,0.36,-1721.7552984656431,-0.6720463642318267
0.18,0.48,0.34,-1676.7250072073002,-0.6544698575427298
0.18,0.5,0.32,-1627.3113397595407,-0.63518240387192
0.18,0.52,0.3,-1573.5788782571835,-0.6142092113247177
0.18,0.54,0.28,-1515.5755288487144,-0.5915689789305045
0.18,0.56,0.26,-1453.3292584499977,-0.567272622911895
0.18,0.58,0.24,-1386.8432048447266,-0.541321368028368
0.18,0.6,0.22,-1316.0884951021835,-0.51370394441589
0.18,0.62,0.2,-1240.9937204290072,-0.4843924793448136
0.18,0.64,0.18,-1161.4293570438494,-0.453336416277625
0.18,0.66,0.16,-1077.1842464513775,-0.42045333450146705
0.18,0.68,0.14,-987.9290270767024,-0.38561467553354084
0.18,0.7000000000000001,0.12,-893.1569216436046,-0.34862263087791084
0.18,0.72,0.1,-792.0824245202548,-0.3091705970326594
0.18,0.74,0.08,-683.4542765526867,-0.2667701746498165
0.18,0.76,0.06,-565.1704679824966,-0.22060089405115663
0.18,0.78,0.04,-433.3402475843809,-0.16914409273137143
0.18,0.8,0.02,-279.1888512975845,-0.10897474955692482
0.18,0.8200000000000001,0.0,-59.1756808856353,-0.023097824194631092
0.2,0.0,0.8,-986.3628448628733,-0.3850033534348278
0.2,0.02,0.78,-1201.2572569813856,-0.46888229284432587
0.2,0.04,0.76,-1342.9567383088215,-0.5241913262037717
0.2,0.06,0.74,-1455.6733193050532,-0.5681875714975517
0.2,0.08,0.72,-1548.7957677088198,-0.6045357116391201
0.2,0.1,0.7,-1626.777707992398,-0.6349741133620743
0.2,0.12,0.68,-1692.238495370184,-0.6605251798790168
0.2,0.14,0.66,-1746.9062081085867,-0.6818634255748215
0.2,0.16,0.64,-1792.0071256297451,-0.699467499551318
0.2,0.18,0.62,-1828.4567837106952,-0.7136947594950658
0.2,0.2,0.6,-1856.964926089102,-0.7248222370486328
0.2,0.22,0.58,-1878.098016817621,-0.7330710380261812
0.2,0.24,0.56,-1892.318814182112,-0.738621789154289
0.2,0.26,0.54,-1900.0126410223165,-0.7416248920688533
0.2,0.28,0.52,-1901.5054937182576,-0.7422075917286336
0.2,0.3,0.5,-1897.0769063505504,-0.7404789976352668
0.2,0.32,0.48,-1886.9693064998282,-0.7365337356477815
0.2,0.34,0.46,-1871.394937156805,-0.7304546497860973
0.2,0.36,0.44,-1850.5410291080661,-0.7223148211492003
0.2,0.38,0.42,-1824.573667496723,-0.7121790771354324
0.2,0.4,0.4,-1793.640640595051,-0.7001051033933567
0.2,0.42,0.38,-1757.8734523764178,-0.6861442293814987
0.2,0.44,0.36,-1717.388602111776,-0.6703419278285028
0.2,0.46,0.34,-1672.2881703798557,-0.6527380434683191
0.2,0.48,0.32,-1622.6596916351446,-0.6333667433001349
0.2,0.5,0.3,-1568.5752299684464,-0.6122561558334192
0.2,0.52,0.28,-1510.0894969930541,-0.5894276364494087
0.2,0.54,0.26,-1447.2367453523693,-0.56489455485545
0.2,0.56,0.24,-1380.0260170714319,-0.5386604403916643
0.2,0.58,0.22,-1308.4340871111199,-0.510716227714611
0.2,0.6,0.2,-1232.3950546384258,-0.4810361939963935
0.2,0.62,0.18,-1151.7848753145663,-0.44957192147000563
0.2,0.64,0.16,-1066.3979512361166,-0.4162431598678201
0.2,0.66,0.14,-975.9106734753996,-0.380923596116503
0.2,0.68,0.12,-879.8223244622613,-0.3434177869827279
0.2,0.7,0.1,-777.3538872901281,-0.3034216616846569
0.2,0.72,0.08,-667.2611524441063,-0.2604495725338107
0.2,0.74,0.06,-547.449865757841,-0.2136840770634633
0.2,0.76,0.04,-414.03789929873665,-0.16160987866618817
0.2,0.78,0.02,-258.26016250500174,-0.10080573202944643
0.2,0.8,0.0,-36.586988795788784,-0.014280863732675819
0.22,0.0,0.78,-1021.1644475330759,-0.39858733401835955
0.22,0.02,0.76,-1232.595105820932,-0.4811142792330026
0.22,0.04,0.74,-1370.782600392129,-0.5350524918185185
0.22,0.06,0.72,-1479.9387665858594,-0.5776590135985619
0.22,0.08,0.7,-1569.4522155860177,-0.612598466379115
0.22,0.1,0.68,-1643.7764547424158,-0.6416091711777974
0.22,0.12,0.66,-1705.530761693437,-0.665713500927254
0.22,0.14,0.64,-1756.4431757654893,-0.6855859548130527
0.22,0.16,0.62,-1797.7399737888918,-0.7017051809253675
0.22,0.18,0.6,-1830.336721176056,-0.7144285485182242
0.22,0.2,0.58,-1854.9432169825486,-0.7240331108262222
0.22,0.22,0.56,-1872.125996525483,-0.7307400014799155
0.22,0.24,0.54,-1882.3478913753388,-0.7347298758107961
0.22,0.26,0.52,-1885.9942802523037,-0.7361531572663684
0.22,0.28,0.5,-1883.3911713724992,-0.7351370954253326
0.22,0.3,0.48,-1874.8180304830057,-0.7317907731169501
0.22,0.32,0.46,-1860.5170880339065,-0.7262087392550125
0.22,0.34,0.44,-1840.7001959195186,-0.7184736852042324
0.22,0.36,0.42,-1815.5539127022093,-0.7086584296768084
0.22,0.38,0.4,-1785.2432535924709,-0.6968273824482486
0.22,0.4,0.38,-1749.9143830044886,-0.6830375953326064
0.22,0.42,0.36,-1709.6964170518659,-0.6673394657439558
0.22,0.44,0.34,-1664.7024191519995,-0.6497771253069573
0.22,0.46,0.32,-1615.0295994291337,-0.6303885176891129
0.22,0.48,0.3,-1560.7586563104487,-0.6092051416084077
0.22,0.5,0.28,-1501.9521150678938,-0.5862514023225015
0.22,0.52,0.26,-1438.651408542406,-0.5615434721586328
0.22,0.54,0.24,-1370.872288182134,-0.5350874993211773
0.22,0.56,0.22,-1298.5979126801958,-0.5068769102052393
0.22,0.58,0.2,-1221.7685722651513,-0.47688839851703774
0.22,0.6,0.18,-1140.2663465230944,-0.44507593681846613
0.22,0.62,0.16,-1053.8918163137077,-0.41136168657560057
0.22,0.64,0.14,-962.3277282417084,-0.37562181544651063
0.22,0.66,0.12,-865.0800222178705,-0.33766347878772557
0.22,0.68,0.1,-761.3767724198915,-0.2971853736540492
0.22,0.7,0.08,-649.9814354546734,-0.2537048446459092
0.22,0.72,0.06,-528.808153043647,-0.20640772643234118
0.22,0.74,0.04,-393.98409479299835,-0.1537823514797712
0.22,0.76,0.02,-236.75456273032682,-0.09241153097655884
0.22,0.78,0.0,-13.601597848828533,-0.005309061276125966
0.24,0.0,0.76,-1049.5278247478127,-0.40965830592214086
0.24,0.02,0.74,-1257.4559185527469,-0.49081810812387555
0.24,0.04,0.72,-1392.0925684078466,-0.543370332652011
0.24,0.06,0.7,-1497.6494804344547,-0.5845719708930773
0.24,0.08,0.68,-1583.5151796887003,-0.6180876110351256
0.24,0.1,0.66,-1654.1431310344342,-0.6456555575123873
0.24,0.12,0.64,-1712.1526128463302,-0.6682981835449013
0.24,0.14,0.62,-1759.271706672669,-0.6866900047985423
0.24,0.16,0.6,-1796.7267695496048,-0.7013097006699306
0.24,0.18,0.58,-1825.4334792310729,-0.7125146842629427
0.24,0.2,0.56,-1846.1017702979334,-0.7205820617112636
0.24,0.22,0.54,-1859.2983237333465,-0.7257330235027353
0.24,0.24,0.52,-1865.4861084865188,-0.7281482785913791
0.24,0.26,0.5,-1865.050606853838,-0.7279782908532139
0.24,0.28,0.48,-1858.3178619713653,-0.7253503234971103
0.24,0.3,0.46,-1845.5672586613327,-0.7203734277652335
0.24,0.32,0.44,-1827.0407670656896,-0.7131420509662663
0.24,0.34,0.42,-1802.9497140747226,-0.7037386795420436
0.24,0.36,0.4,-1773.4797540710242,-0.692235779279624
0.24,0.38,0.38,-1738.7944650821264,-0.6786971989842173
0.24,0.4,0.36,-1699.0378339816052,-0.6631791405185217
0.24,0.42,0.34,-1654.3357780977603,-0.6457307527265991
0.24,0.44,0.32,-1604.7967577583622,-0.626394370526197
0.24,0.46,0.3,-1550.5114487815372,-0.6052053870733288
0.24,0.48,0.28,-1491.5513515065923,-0.5821917108304314
0.24,0.5,0.26,-1427.9660975173974,-0.5573727143096849
0.24,0.52,0.24,-1359.7790540442948,-0.5307575183555018
0.24,0.54,0.22,-1286.980582372902,-0.5023423607242216
0.24,0.56,0.2,-1209.5179153994377,-0.4721066450277983
0.24,0.58,0.18,-1127.279957939856,-0.4400070078948005
0.24,0.6,0.16,-1040.0741351579763,-0.4059682823031704
0.24,0.62,0.14,-947.590191770626,-0.36986936745814014
0.24,0.64,0.12,-849.341356402253,-0.331520263692833
0.24,0.66,0.1,-744.5634250801995,-0.2906226821030045
0.24,0.68,0.08,-632.0281613685538,-0.2466972097128927
0.24,0.7,0.06,-509.6587643338539,-0.19893321651147902
0.24,0.72,0.04,-373.5923941093765,-0.14582293453060063
0.24,0.74,0.02,-215.08548144294832,-0.08395351879073648
0.24,0.76,0.0,9.367433143021117,0.003656355459781195
0.26,0.0,0.74,-1071.8687430759528,-0.4183785537700242
0.26,0.02,0.72,-1276.2564288901049,-0.4981564416426885
0.26,0.04,0.7,-1407.3044543624055,-0.5493079317161642
0.26,0.06,0.68,-1509.224471316331,-0.5890899941830964
0.26,0.08,0.66,-1591.4049983351433,-0.6211672147050058
0.26,0.1,0.64,-1658.2995417180136,-0.6472779138894191
0.26,0.12,0.62,-1712.5274680111834,-0.6684444993720561
0.26,0.14,0.6,-1755.8169908038253,-0.6853415383578236
0.26,0.16,0.58,-1789.3946379082954,-0.6984477769017841
0.26,0.18,0.56,-1814.1762884425007,-0.7081207067054663
0.26,0.2,0.54,-1830.8720968027192,-0.7146375197022932
0.26,0.22,0.52,-1840.0489648341063,-0.7182194925883502
0.26,0.24,0.5,-1842.1700590352157,-0.7190474114263634
0.26,0.26,0.48,-1837.621002392556,-0.717271795007405
0.26,0.28,0.46,-1826.7278761646667,-0.7130199214205514
0.26,0.3,0.44,-1809.769938868114,-0.7064007926075455
0.26,0.32,0.42,-1786.9887865028868,-0.697508709839625
0.26,0.34,0.4,-1758.5950116659806,-0.6864258729446464
0.26,0.36,0.38,-1724.7730229315857,-0.6732242614378917
0.26,0.38,0.36,-1685.6844364575445,-0.6579669583552463
0.26,0.4,0.34,-1641.4702835049284,-0.640709011906134
0.26,0.42,0.32,-1592.2521526520686,-0.6214978813096854
0.26,0.44,0.3,-1538.1322796239947,-0.6003734718575306
0.26,0.46,0.28,-1479.1924920322435,-0.5773677230179995
0.26,0.48,0.26,-1415.4917921194974,-0.5525036649177957
0.26,0.5,0.24,-1347.0621935291747,-0.5257937933237009
0.26,0.52,0.22,-1273.9021804239255,-0.49723751656454057
0.26,0.54,0.2,-1195.966763301798,-0.4668172740547646
0.26,0.56,0.18,-1113.1524424024265,-0.434492667116515
0.26,0.58,0.16,-1025.2742100338637,-0.4001914823830965
0.26,0.6,0.14,-932.0294995641607,-0.3637956201424764
0.26,0.62,0.12,-832.9394999873193,-0.32511818786932206
0.26,0.64,0.1,-727.2483943027692,-0.28386417031511907
0.26,0.66,0.08,-613.736923382442,-0.23955765858340283
0.26,0.68,0.06,-490.3380308152032,-0.19139182620643833
0.26,0.7,0.04,-353.19958309733147,-0.13786308419105187
0.26,0.72,0.02,-193.5898966500488,-0.07556322684856631
0.26,0.74,0.0,31.98317691104421,0.012483874903016293
0.28,0.0,0.72,-1088.5466646249406,-0.4248883850741179
0.28,0.02,0.7,-1289.3572569358148,-0.5032700392975886
0.28,0.04,0.68,-1416.7801619690654,-0.553006549546035
0.28,0.06,0.66,-1515.0270620029187,-0.5913548978993922
0.28,0.08,0.64,-1593.4865587691165,-0.6219797024742184
0.28,0.1,0.62,-1656.6122938154585,-0.6466193366691367
0.28,0.12,0.6,-1707.0238188205185,-0.6662962803818837
0.28,0.14,0.58,-1746.4495779877143,-0.6816851908321699
0.28,0.16,0.56,-1776.1163679029814,-0.6932649189844527
0.28,0.18,0.54,-1796.9403634113842,-0.7013930719703465
0.28,0.2,0.52,-1809.6320252357436,-0.7063469612905778
0.28,0.22,0.5,-1814.7585489753037,-0.7083479783011772
0.28,0.24,0.48,-1812.7833501073546,-0.7075770062478182
0.28,0.26,0.46,-1804.092211635725,-0.7041846263805402
0.28,0.28,0.44,-1789.0112257409492,-0.6982981210515613
0.28,0.3,0.42,-1767.8194313192798,-0.6900264064790417
0.28,0.32,0.4,-1740.757864123254,-0.6794635652549075
0.28,0.34,0.38,-1708.0360670516748,-0.6666913874822102
0.28,0.36,0.36,-1669.8367078805604,-0.6517811731969337
0.28,0.38,0.34,-1626.3186964972374,-0.6347949491064231
0.28,0.4,0.32,-1577.619016811299,-0.6157861836324002
0.28,0.42,0.3,-1523.853350591784,-0.5948000304110178
0.28,0.44,0.28,-1465.115444525969,-0.571873081239263
0.28,0.46,0.26,-1401.4750344002605,-0.5470325558281787
0.28,0.48,0.24,-1332.973964489549,-0.5202947870984939
0.28,0.5,0.22,-1259.6198866604773,-0.49166276177495466
0.28,0.52,0.2,-1181.3765257076684,-0.4611223206910947
0.28,0.54,0.18,-1098.148831233122,-0.4286363631773521
0.28,0.56,0.16,-1009.7601549331957,-0.39413593875608544
0.28,0.58,0.14,-915.9163673011326,-0.3575062409470677
0.28,0.6,0.12,-816.1473380993893,-0.3185637655571431
0.28,0.62,0.1,-709.7063438102705,-0.2770170467632643
0.28,0.64,0.08,-595.3838085097768,-0.23239395527812165
0.28,0.66,0.06,-471.12313846523693,-0.18389174849248643
0.28,0.68,0.04,-333.08364989478787,-0.13001130654068124
0.28,0.7,0.02,-172.5463269168347,-0.06734936826931963
0.28,0.72,0.0,53.966832629777855,0.0210646737607083
0.3,0.0,0.7,-1099.8780535336919,-0.42931132410883993
0.3,0.02,0.68,-1297.07623813401,-0.5062829606194768
0.3,0.04,0.66,-1420.8390396028335,-0.554590836209225
0.3,0.06,0.64,-1515.3782660879806,-0.5914919820882311
0.3,0.08,0.62,-1590.08270276837,-0.62065108797731
0.3,0.1,0.6,-1649.4062306664928,-0.6438066207483534
0.3,0.12,0.58,-1695.9686933117955,-0.6619811742161674
0.3,0.14,0.56,-1731.498872658307,-0.6758495374334067
0.3,0.16,0.54,-1757.2239386912916,-0.6858907071121048
0.3,0.18,0.52,-1774.0604600281767,-0.692462444083583
0.3,0.2,0.5,-1782.7192895850167,-0.6958422129318991
0.3,0.22,0.48,-1783.7679827533611,-0.6962515454494809
0.3,0.24,0.46,-1777.670239781055,-0.6938714360354367
0.3,0.26,0.44,-1764.8119950635191,-0.6888525250319254
0.3,0.28,0.42,-1745.5192793659917,-0.6813220708191601
0.3,0.3,0.4,-1720.0707495755014,-0.6713888405070563
0.3,0.32,0.38,-1688.7065926362302,-0.6591465853753209
0.3,0.34,0.36,-1651.6348371787062,-0.6446765044682822
0.3,0.36,0.34,-1609.0357002944584,-0.6280489412553301
0.3,0.38,0.32,-1561.0643330721869,-0.6093244552858735
0.3,0.4,0.3,-1507.8521386169014,-0.5885543366468658
0.3,0.42,0.28,-1449.506678268639,-0.5657805693575042
0.3,0.44,0.26,-1386.11002403181,-0.541035188279083
0.3,0.46,0.24,-1317.7152262376476,-0.5143389003507697
0.3,0.48,0.22,-1244.340303165869,-0.48569873858090434
0.3,0.5,0.2,-1165.9587555094495,-0.45510435959319157
0.3,0.52,0.18,-1082.4849383820274,-0.4225223339365673
0.3,0.54,0.16,-993.7514394118734,-0.3878873161604623
0.3,0.56,0.14,-899.4733847782036,-0.3510881125222505
0.3,0.58,0.12,-799.1901041857027,-0.3119449112929643
0.3,0.6,0.1,-692.1647238863552,-0.2701700912736488
0.3,0.62,0.08,-577.198099715205,-0.22529559496683807
0.3,0.64,0.06,-452.24485588265316,-0.1765230584214452
0.3,0.66,0.04,-313.47653459062485,-0.12235813389473113
0.3,0.68,0.02,-152.18759957275392,-0.05940282168156155
0.3,0.7,0.0,75.08494198209337,0.029307627113209327
0.32,0.0,0.68,-1106.1462547994233,-0.43175796787677967
0.32,0.02,0.66,-1299.6983270971105,-0.5073064308860787
0.32,0.04,0.64,-1419.7678107972024,-0.554172707439866
0.32,0.06,0.62,-1510.5667468114407,-0.5896139196021672
0.32,0.08,0.6,-1581.4842153840727,-0.6172948722655536
0.32,0.1,0.58,-1636.9744520221611,-0.6389541706665657
0.32,0.12,0.56,-1679.6577085498975,-0.6556145679881843
0.32,0.14,0.54,-1711.263219754739,-0.6679510300358578
0.32,0.16,0.52,-1733.0186388254115,-0.6764427421286356
0.32,0.18,0.5,-1745.841027253322,-0.6814476574795132
0.32,0.2,0.48,-1750.4417110962859,-0.683243425352218
0.32,0.22,0.46,-1747.3886581441366,-0.6820517385090716
0.32,0.24,0.44,-1737.1458637702199,-0.6780537065444253
0.32,0.26,0.42,-1720.0993628733959,-0.6714000090295726
0.32,0.28,0.4,-1696.574986680167,-0.6622178264595118
0.32,0.3,0.38,-1666.8507489906224,-0.6506156749304165
0.32,0.32,0.36,-1631.1655545358553,-0.6366868052405111
0.32,0.34,0.34,-1589.7252431767483,-0.6205115620997808
0.32,0.36,0.32,-1542.7065690207382,-0.6021589372838693
0.32,0.38,0.3,-1490.2594367023485,-0.5816874425131722
0.32,0.4,0.28,-1432.5075071140654,-0.5591453458855239
0.32,0.42,0.26,-1369.547095134576,-0.5345702416305459
0.32,0.44,0.24,-1301.4440726239973,-0.5079878412672542
0.32,0.46,0.22,-1228.228214509656,-0.47940976673267577
0.32,0.48,0.2,-1149.8840132599853,-0.44882996502949063
0.32,0.5,0.18,-1066.3363110405462,-0.41621910007874297
0.32,0.52,0.16,-977.4279107607472,-0.38151581372268867
0.32,0.54,0.14,-882.8840978771359,-0.34461287765176885
0.32,0.56,0.12,-782.2545121949979,-0.30533450444037064
0.32,0.58,0.1,-674.8129459003721,-0.2633972360840468
0.32,0.6,0.08,-559.371486273204,-0.2183373990135924
0.32,0.62,0.06,-433.89677505594454,-0.16936132003666435
0.32,0.64,0.04,-294.57339585451473,-0.1149797418134094
0.32,0.66,0.02,-132.71013936430313,-0.05180025682857432
0.34,0.0,0.66,-1107.6090376003704,-0.4323289304658963
0.34,0.02,0.64,-1297.483168742183,-0.5064417963355398
0.34,0.04,0.62,-1413.8281749818198,-0.5518543114063842
0.34,0.06,0.6,-1500.8564491355792,-0.5858237351000565
0.34,0.08,0.58,-1567.9574899643958,-0.6120150356671954
0.34,0.1,0.56,-1619.5860133844653,-0.6321670058606577
0.34,0.12,0.54,-1658.3628052546337,-0.6473026073111915
0.34,0.14,0.52,-1686.0176749900638,-0.6580970301165479
0.34,0.16,0.5,-1703.7788715871066,-0.6650296921551584
0.34,0.18,0.48,-1712.5640455800967,-0.6684587765589609
0.34,0.2,0.46,-1713.0850659486568,-0.66866214450834
0.34,0.22,0.44,-1705.9103426344118,-0.665861661349087
0.34,0.24,0.42,-1691.5041371831285,-0.6602385405696478
0.34,0.26,0.4,-1670.2524717047381,-0.6519434567494611
0.34,0.28,0.38,-1642.4807449519249,-0.6411034215776219
0.34,0.3,0.36,-1608.465926167777,-0.6278265434322418
0.34,0.32,0.34,-1568.44499965278,-0.6122053235169835
0.34,0.34,0.32,-1522.6206454788044,-0.5943188731930983
0.34,0.36,0.3,-1471.1647141431895,-0.5742342702282754
0.34,0.38,0.28,-1414.2197560754848,-0.55200715580334
0.34,0.4,0.26,-1351.8986252342565,-0.5276815797856634
0.34,0.42,0.24,-1284.2819347422974,-0.5012890075966854
0.34,0.44,0.22,-1211.4128468005474,-0.47284628657832495
0.34,0.46,0.2,-1133.2882534779474,-0.44235220362337063
0.34,0.48,0.18,-1049.8447203262094,-0.40978199859873227
0.34,0.5,0.16,-960.9363709124555,-0.37507873209703285
0.34,0.52,0.14,-866.299657147948,-0.3381395343695955
0.34,0.54,0.12,-765.4954650848513,-0.29879300769666906
0.34,0.56,0.1,-657.8091411669247,-0.2567602040043983
0.34,0.58,0.08,-542.0648651245237,-0.211582169724928
0.34,0.6,0.06,-416.2421487242268,-0.16247025517473201
0.34,0.62,0.04,-276.5394789007637,-0.10794062984876054
0.34,0.64,0.02,-114.2808625021687,-0.04460682549622619
0.36,0.0,0.64,-1104.5045098410992,-0.4311171516520694
0.36,0.02,0.62,-1290.6710437531,-0.503782844836633
0.36,0.04,0.6,-1403.26278575186,-0.5477303621872261
0.36,0.06,0.58,-1486.492612605547,-0.5802171520246154
0.36,0.08,0.56,-1549.7505771752367,-0.6049083988792938
0.36,0.1,0.54,-1597.4920123889642,-0.6235431363400626
0.36,0.12,0.52,-1632.338372162605,-0.6371445867978942
0.36,0.14,0.5,-1656.020166921182,-0.64638821397312
0.36,0.16,0.48,-1669.766353177347,-0.6517537119063871
0.36,0.18,0.46,-1674.4952578329176,-0.6535995277336463
0.36,0.2,0.44,-1670.9193423719698,-0.6522037539053491
0.36,0.22,0.42,-1659.6074523707575,-0.6477884258069372
0.36,0.24,0.4,-1641.0240276695913,-0.6405348265199048
0.36,0.26,0.38,-1615.5548734772965,-0.6305935459614856
0.36,0.28,0.36,-1583.5245873316308,-0.6180912830855226
0.36,0.3,0.34,-1545.208492913829,-0.6031355039640676
0.36,0.32,0.32,-1500.8407254418344,-0.5858175977289545
0.36,0.34,0.3,-1450.6194128768002,-0.56621489893293
0.36,0.36,0.28,-1394.7094495088513,-0.5443917701531032
0.36,0.38,0.26,-1333.243029911895,-0.5203998104075491
0.36,0.4,0.24,-1266.317818055426,-0.49427714051150384
0.36,0.42,0.22,-1193.9922986703314,-0.4660465885932103
0.36,0.44,0.2,-1116.2774120948452,-0.43571242495434265
0.36,0.46,0.18,-1033.1228761032016,-0.4032550231200809
0.36,0.48,0.16,-944.395395769403,-0.3686223545759973
0.36,0.5,0.14,-849.8437234955554,-0.33171635077841616
0.36,0.52,0.12,-749.0410323317401,-0.2923704099459434
0.36,0.54,0.1,-641.2851985398829,-0.25031047472220885
0.36,0.56,0.08,-525.413428998273,-0.20508267637772712
0.36,0.58,0.06,-399.4190211921946,-0.15590374615745997
0.36,0.6,0.04,-259.51528252926573,-0.1012956383766102
0.36,0.62,0.02,-97.04237455959151,-0.03787819038937488
0.36,0.64,0.0,131.4121290571784,0.05129360927626768
0.38,0.0,0.62,-1097.055876137878,-0.4282097540658935
0.38,0.02,0.6,-1279.4876608898194,-0.49941767645307816
0.38,0.04,0.58,-1388.3000794654909,-0.5418900244994117
0.38,0.06,0.56,-1467.7066380107535,-0.5728844921883232
0.38,0.08,0.54,-1527.0980911642182,-0.5960665379725297
0.38,0.1,0.52,-1570.9305353611198,-0.6131754934577682
0.38,0.12,0.5,-1601.826233018226,-0.6252348966141676
0.38,0.14,0.48,-1621.5165231476785,-0.6329205345813985
0.38,0.16,0.46,-1631.2311750293557,-0.636712418644527
0.38,0.18,0.44,-1631.8892617881575,-0.6369692872099939
0.38,0.2,0.42,-1624.2038538478264,-0.6339694704134139
0.38,0.22,0.4,-1608.7441705577512,-0.6279351495337108
0.38,0.24,0.38,-1585.9746554657613,-0.6190476090995213
0.38,0.26,0.36,-1556.2805616879996,-0.6074572235317884
0.38,0.28,0.34,-1519.9851227149666,-0.5932901593608448
0.38,0.3,0.32,-1477.3611315061353,-0.5766528948514967
0.38,0.32,0.3,-1428.6385314988293,-0.5576351829733852
0.38,0.34,0.28,-1374.008902650292,-0.5363118024211596
0.38,0.36,0.26,-1313.627246287835,-0.5127432542884214
0.38,0.38,0.24,-1247.6110924643272,-0.4869754136450996
0.38,0.4,0.22,-1176.0365739420595,-0.4590379971101254
0.38,0.42,0.2,-1098.9306331107036,-0.4289415210066014
0.38,0.44,0.18,-1016.2578102376792,-0.3966721444685355
0.38,0.46,0.16,-927.8988459775865,-0.36218331743765403
0.38,0.48,0.14,-833.6160836159534,-0.3253822762494348
0.38,0.5,0.12,-732.9961518926275,-0.28610767123199876
0.38,0.52,0.1,-625.3505383790234,-0.2440907578809605
0.38,0.54,0.08,-509.5305006623066,-0.1988831518279533
0.38,0.56,0.06,-383.5441133311292,-0.14970735220992762
0.38,0.58,0.04,-243.62048707078566,-0.09509148177688928
0.38,0.6,0.02,-81.11693493155394,-0.03166207256452843
0.38,0.62,0.0,147.36011546391455,0.05751852770167742
0.4,0.0,0.6,-1085.4753640096314,-0.42368957568824245
0.4,0.02,0.58,-1264.1481212205144,-0.49343025078757674
0.4,0.04,0.56,-1369.1582795060713,-0.5344184766673563
0.4,0.06,0.54,-1444.7201333601806,-0.56391225502397
0.4,0.08,0.52,-1500.225298419904,-0.585577380380469
0.4,0.1,0.5,-1540.1307894255842,-0.6011535427812194
0.4,0.12,0.48,-1567.0598210796634,-0.611664651898488
0.4,0.14,0.46,-1582.7446845524028,-0.6177868665242949
0.4,0.16,0.44,-1588.4160524770996,-0.6200005505462985
0.4,0.18,0.42,-1584.9937841223182,-0.6186647492234822
0.4,0.2,0.4,-1573.1915236276254,-0.614058016627832
0.4,0.22,0.38,-1553.578719779045,-0.6064026235934231
0.4,0.24,0.36,-1526.6195190377366,-0.5958797386881534
0.4,0.26,0.34,-1492.6980987599018,-0.5826393164355753
0.4,0.28,0.32,-1452.1354878845304,-0.5668066628716011
0.4,0.3,0.3,-1405.2006569410587,-0.5484867642660879
0.4,0.32,0.28,-1352.1174200033547,-0.5277669811369567
0.4,0.34,0.26,-1293.0679390561181,-0.5047184160965403
0.4,0.36,0.24,-1228.1930904201708,-0.47939605687700904
0.4,0.38,0.22,-1157.5894864647962,-0.4518376138263863
0.4,0.4,0.2,-1081.3024161727626,-0.42206076442545964
0.4,0.42,0.18,-999.3132183169037,-0.3900582247065941
0.4,0.44,0.16,-911.5183654078373,-0.3557895851685678
0.4,0.46,0.14,-817.6952761697639,-0.31916796648696066
0.4,0.48,0.12,-717.4453612285224,-0.280037788748666
0.4,0.5,0.1,-610.0949303031994,-0.23813609292326304
0.4,0.52,0.08,-494.51042290616806,-0.1930204205469822
0.4,0.54,0.06,-368.71577309597933,-0.14391946112487874
0.4,0.56,0.04,-228.95695593698974,-0.08936792001753258
0.4,0.58,0.02,-66.60950165201461,-0.025999439902071275
0.4,0.6,0.0,161.70021260682006,0.06311584467012767
0.42,0.0,0.58,-1069.967547675693,-0.41763646721592584
0.42,0.02,0.56,-1244.860283981012,-0.485901700765251
0.42,0.04,0.54,-1346.0488061384785,-0.5253982415794533
0.42,0.06,0.52,-1417.7483691967682,-0.5533844662847147
0.42,0.08,0.5,-1469.3516192447387,-0.5735265716165174
0.42,0.1,0.48,-1505.3166496699087,-0.5875646686435816
0.42,0.12,0.46,-1528.2677697575346,-0.5965230942826272
0.42,0.14,0.44,-1539.9383346251707,-0.6010784226122777
0.42,0.16,0.42,-1541.5599842156334,-0.601711395086531
0.42,0.18,0.4,-1534.0533559966098,-0.5987813607159497
0.42,0.2,0.38,-1518.1325544869287,-0.5925670532706508
0.42,0.22,0.36,-1494.3669923890375,-0.5832907295003411
0.42,0.24,0.34,-1463.2200356020621,-0.5711332532990328
0.42,0.26,0.32,-1425.0739910781704,-0.5562438491224042
0.42,0.28,0.3,-1380.2464439014984,-0.5387464787792664
0.42,0.3,0.28,-1329.0006645641824,-0.5187439036650439
0.42,0.32,0.26,-1271.5515365578085,-0.4963199984565751
0.42,0.34,0.24,-1208.0676507900698,-0.47154056861800403
0.42,0.36,0.22,-1138.6695962094054,-0.44445268318663067
0.42,0.38,0.2,-1063.423859554463,-0.4150822936847286
0.42,0.4,0.18,-982.330945542155,-0.38342959711657965
0.42,0.42,0.16,-895.3050613700634,-0.3494611062955936
0.42,0.44,0.14,-802.1404289524371,-0.3130965006242438
0.42,0.46,0.12,-702.4547623761746,-0.2741865638589525
0.42,0.48,0.1,-595.5905633399398,-0.23247465712467452
0.42,0.5,0.08,-480.43071567123206,-0.18752474060621502
0.42,0.52,0.06,-355.01620516445155,-0.13857215954948365
0.42,0.54,0.04,-215.61102610841726,-0.0841586526921594
0.42,0.56,0.02,-53.61007327432776,-0.020925421203768536
0.42,0.58,0.0,174.3391580037278,0.06804915738261699
0.44,0.0,0.56,-1050.7322356740588,-0.4101284191750207
0.44,0.02,0.54,-1221.8277005506934,-0.47691147784158355
0.44,0.04,0.52,-1319.1792586034899,-0.5149103506779206
0.44,0.06,0.5,-1387.0033098559325,-0.5413838612239877
0.44,0.08,0.48,-1434.6937081088654,-0.5599986776170102
0.44,0.1,0.46,-1466.709786839434,-0.5724953949652959
0.44,0.12,0.44,-1485.6770833956034,-0.5798988295307304
0.44,0.14,0.42,-1493.3301054019757,-0.5828860052457417
0.44,0.16,0.4,-1490.9014801087105,-0.5819380489363435
0.44,0.18,0.38,-1479.3125416207367,-0.577414581528931
0.44,0.2,0.36,-1459.277625496572,-0.5695944269744868
0.44,0.22,0.34,-1431.365666134181,-0.5586996553279017
0.44,0.24,0.32,-1396.0385013340274,-0.5449105340261003
0.44,0.26,0.3,-1353.6753822123028,-0.5283750947516308
0.44,0.28,0.28,-1304.5886340935049,-0.5092152462908189
0.44,0.3,0.26,-1249.033097000507,-0.487530459405268
0.44,0.32,0.24,-1187.2106520844409,-0.46339953361645814
0.44,0.34,0.22,-1119.2702504563822,-0.4368806084595114
0.44,0.36,0.2,-1045.3030937505864,-0.408009282330302
0.44,0.38,0.18,-965.331727394896,-0.3767943553021186
0.44,0.4,0.16,-879.290488393528,-0.3432101973811869
0.44,0.42,0.14,-786.9924372105388,-0.3071838411513044
0.44,0.44,0.12,-688.0733574523165,-0.2685731233774639
0.44,0.46,0.1,-581.8935095841098,-0.22712833689816117
0.44,0.48,0.08,-467.3536450654874,-0.1824204161048033
0.44,0.5,0.06,-342.5131272419935,-0.1336918794847246
0.44,0.52,0.04,-203.65523729712686,-0.07949199395772043
0.44,0.54,0.02,-42.19547928057614,-0.016470005036605048
0.44,0.56,0.0,185.19627846923868,0.07228697697369121
0.46,0.0,0.54,-1027.9670457656757,-0.4012425669737178
0.46,0.02,0.52,-1195.2522402262912,-0.46653837691097066
0.46,0.04,0.5,-1288.7560931637054,-0.5030353892705411
0.46,0.06,0.48,-1352.696344127151,-0.5279929504445059
0.46,0.08,0.46,-1396.4682356502344,-0.545078270629002
0.46,0.1,0.44,-1424.5324969741887,-0.5560324897357607
0.46,0.12,0.42,-1439.5160072602484,-0.5618809477716675
0.46,0.14,0.4,-1443.1544752656737,-0.5633011375028093
0.46,0.16,0.38,-1436.6814665619495,-0.5607745520066848
0.46,0.18,0.36,-1421.0188196704476,-0.5546610090966899
0.46,0.2,0.34,-1396.8807013230326,-0.5452392668263254
0.46,0.22,0.32,-1364.8348684762277,-0.5327309356641282
0.46,0.24,0.3,-1325.3405007914153,-0.5173152455054475
0.46,0.26,0.28,-1278.7720411379942,-0.4991383512476816
0.46,0.28,0.26,-1225.4338975505616,-0.47831907135073376
0.46,0.3,0.24,-1165.5684916719601,-0.4549520293559566
0.46,0.32,0.22,-1099.3587302030137,-0.4291086185579675
0.46,0.34,0.2,-1026.9249360397152,-0.40083580414680126
0.46,0.36,0.18,-948.3152368133342,-0.3701523716023937
0.46,0.38,0.16,-863.4870026950357,-0.3370416813816566
0.46,0.4,0.14,-772.2745614607784,-0.30143906725941816
0.46,0.42,0.12,-674.3338412646317,-0.2632102289473051
0.46,0.44,0.1,-569.0446742757604,-0.22211309863446313
0.46,0.46,0.08,-455.3273019028684,-0.17772621815190898
0.46,0.48,0.06,-331.260954298858,-0.12929986052425974
0.46,0.5,0.04,-193.14960385846962,-0.07539136899510598
0.46,0.52,0.02,-32.43072528931111,-0.012658564802736746
0.46,0.54,0.0,194.20208315409582,0.07580217933771691
0.48,0.0,0.52,-1001.8697611451644,-0.3910561105933207
0.48,0.02,0.5,-1165.33650191981,-0.45486147765583373
0.48,0.04,0.48,-1254.9870910584723,-0.4898544598383605
0.48,0.06,0.46,-1315.0408086827265,-0.5132950048588701
0.48,0.08,0.44,-1354.8944644486,-0.528850934602586
0.48,0.1,0.42,-1379.0103229099586,-0.5382639882541289
0.48,0.12,0.4,-1390.0166830035414,-0.5425600599960949
0.48,0.14,0.38,-1389.6504390380978,-0.5424171053464897
0.48,0.16,0.36,-1379.14594077551,-0.538316923472943
0.48,0.18,0.34,-1359.425174781256,-0.5306193899743582
0.48,0.2,0.32,-1331.2014895623615,-0.5196029435295675
0.48,0.22,0.3,-1295.040391561448,-0.5054883161723572
0.48,0.24,0.28,-1251.3967152431596,-0.48845304175353915
0.48,0.26,0.26,-1200.63751279787,-0.46864039039415967
0.48,0.28,0.24,-1143.0553735065969,-0.44616456738384186
0.48,0.3,0.22,-1078.874428214869,-0.4211130568848149
0.48,0.32,0.2,-1008.2497359413683,-0.39354638250913854
0.48,0.34,0.18,-931.2594380315604,-0.3634950448785698
0.48,0.36,0.16,-847.8875088741752,-0.3309527887756581
0.48,0.38,0.14,-757.9924817368637,-0.29586439601509007
0.48,0.4,0.12,-661.2528991906411,-0.2581043933100419
0.48,0.42,0.1,-557.0702887776033,-0.21743918112416522
0.48,0.44,0.08,-444.3862524851429,-0.17345563888398643
0.48,0.46,0.06,-321.3015781887957,-0.1254124541600979
0.48,0.48,0.04,-184.14250052972739,-0.07187565973622584
0.48,0.5,0.02,-24.369966949815307,-0.009512238876028624
0.48,0.52,0.0,201.29721579989382,0.07857159616634544
0.5,0.0,0.5,-972.6405413608372,-0.37964717756846206
0.5,0.02,0.48,-1132.286085104337,-0.4419610309564805
0.5,0.04,0.46,-1218.0836892035404,-0.4754500917690452
0.5,0.06,0.44,-1274.2543759958608,-0.49737498775677597
0.5,0.08,0.42,-1310.1966882342786,-0.5114042172782065
0.5,0.1,0.4,-1330.3745338174958,-0.5192801609586569
0.5,0.12,0.38,-1337.417650139625,-0.5220292744484583
0.5,0.14,0.36,-1333.0640020255487,-0.5203299311162105
0.5,0.16,0.34,-1318.5484117297965,-0.5146641145558477
0.5,0.18,0.32,-1294.792415590764,-0.5053915246308046
0.5,0.2,0.3,-1262.5075294216804,-0.4927898846713362
0.5,0.22,0.28,-1222.2553893767126,-0.4770784160358815
0.5,0.24,0.26,-1174.4839796714678,-0.45843197874293456
0.5,0.26,0.24,-1119.5491495037077,-0.436989470090958
0.5,0.28,0.22,-1057.7258998843754,-0.41285823020530477
0.5,0.3,0.2,-989.2113166321142,-0.3861151868630979
0.5,0.32,0.18,-914.1191956491311,-0.3568047575970792
0.5,0.34,0.16,-832.4645776297039,-0.3249328131856999
0.5,0.36,0.14,-744.1338084465542,-0.290454991434701
0.5,0.38,0.12,-648.831025894272,-0.25325580954601185
0.5,0.4,0.1,-545.9819732595261,-0.21311112002511126
0.5,0.42,0.08,-434.5517967546348,-0.16961699222857804
0.5,0.44,0.06,-312.6647840172204,-0.12204128630204145
0.5,0.46,0.04,-176.67120809728067,-0.06895941785225247
0.5,0.48,0.02,-18.057162255333196,-0.0070481852170603335
0.5,0.5,0.0,206.4317136635218,0.08057572568723748
0.52,0.0,0.48,-940.4840466686037,-0.36709565217828954
0.52,0.02,0.46,-1096.3117783531925,-0.42791931313548
0.52,0.04,0.44,-1178.2632309947876,-0.45990711990475863
0.52,0.06,0.42,-1230.5613621969533,-0.4803204556220094
0.52,0.08,0.4,-1262.6065866711433,-0.4928285493203788
0.52,0.1,0.38,-1278.8645094944804,-0.4991744440785493
0.52,0.12,0.36,-1281.9662316204995,-0.5003851277799476
0.52,0.14,0.34,-1273.6505225908004,-0.49713928789526746
0.52,0.16,0.32,-1255.1521314482707,-0.489918879442014
0.52,0.18,0.3,-1227.3911901360188,-0.47908305411121466
0.52,0.2,0.28,-1191.0758312863054,-0.4649082146886363
0.52,0.22,0.26,-1146.7613954640437,-0.44761112519869806
0.52,0.24,0.24,-1094.8852962836918,-0.4273625196763257
0.52,0.26,0.22,-1035.7865166745069,-0.40429471207190887
0.52,0.28,0.2,-969.7138381256918,-0.3785048083420582
0.52,0.3,0.18,-896.8240286389446,-0.35005399915984003
0.52,0.32,0.16,-817.1688677098155,-0.3189624954238401
0.52,0.34,0.14,-730.6670132793852,-0.28519854718968196
0.52,0.36,0.12,-637.051849710655,-0.24865808736394543
0.52,0.38,0.1,-535.7763693097222,-0.20912760446086834
0.52,0.4,0.08,-425.8318452771482,-0.16621336588751484
0.52,0.42,0.06,-305.3683230412712,-0.11919328573249713
0.52,0.44,0.04,-170.76214501674121,-0.06665295516104891
0.52,0.46,0.02,-13.526433036283152,-0.005279722473431817
0.52,0.48,0.0,209.5645387162749,0.08179854967874972
0.54,0.0,0.46,-905.6115238630882,-0.35348398960119554
0.54,0.02,0.44,-1057.6317126634967,-0.41282146645646944
0.54,0.04,0.42,-1135.7511826538612,-0.4433135496401411
0.54,0.06,0.4,-1184.1949971811846,-0.46222244421512604
0.54,0.08,0.38,-1212.3655328213645,-0.47321814498184783
0.54,0.1,0.36,-1224.7300581493328,-0.47804434432592335
0.54,0.12,0.34,-1223.9208190459067,-0.47772847702600196
0.54,0.14,0.32,-1211.6768981259374,-0.47294935275349925
0.54,0.16,0.3,-1189.2320791151724,-0.46418854973725865
0.54,0.18,0.28,-1157.5036104439441,-0.4518040941574532
0.54,0.2,0.26,-1117.193898479778,-0.43607015368815916
0.54,0.22,0.24,-1068.8483627329515,-0.41719961990531057
0.54,0.24,0.22,-1012.8882926593105,-0.39535693316076376
0.54,0.26,0.2,-949.6273007897289,-0.37066450467133877
0.54,0.28,0.18,-879.2748238944259,-0.3432040831153104
0.54,0.3,0.16,-801.9267306016791,-0.31301308853903215
0.54,0.32,0.14,-717.5397021770777,-0.28007461250145554
0.54,0.34,0.12,-625.880914940336,-0.24429777779837936
0.54,0.36,0.1,-526.4343161058869,-0.20548115545868273
0.54,0.38,0.08,-418.2204040796123,-0.1632424202555038
0.54,0.4,0.06,-299.41764236839526,-0.11687057860072601
0.54,0.42,0.04,-166.43079357833494,-0.06496231480757633
0.54,0.44,0.02,-10.802150470835613,-0.004216363356790361
0.56,0.0,0.44,-868.2428935727366,-0.3388980306409796
0.56,0.02,0.42,-1016.4735179607669,-0.3967563408646012
0.56,0.04,0.4,-1090.783350580954,-0.4257614224134
0.56,0.06,0.38,-1135.39968745636,-0.44317635182246273
0.56,0.08,0.36,-1159.7268756838093,-0.45267189303834293
0.56,0.1,0.34,-1168.233677187567,-0.4559923213401678
0.56,0.12,0.32,-1163.5530467436874,-0.45416534820703713
0.56,0.14,0.3,-1147.4235518274254,-0.4478695822378372
0.56,0.16,0.28,-1121.0766052636554,-0.43758567623646116
0.56,0.18,0.26,-1085.424313667314,-0.4236696493973358
0.56,0.2,0.24,-1041.159829607157,-0.40639205739356143
0.56,0.22,0.22,-988.8132113227566,-0.3859597958932118
0.56,0.24,0.2,-928.7812514239813,-0.3625277434850468
0.56,0.26,0.18,-861.3392196034292,-0.3362033451679339
0.56,0.28,0.16,-786.636804277683,-0.307045028266721
0.56,0.3,0.14,-704.6761005900471,-0.27505361057092875
0.56,0.32,0.12,-615.2638357853712,-0.2401536526423748
0.56,0.34,0.1,-517.9195141101245,-0.20215760435446628
0.56,0.36,0.08,-411.69663270070123,-0.16069602075251757
0.56,0.38,0.06,-294.8052522055809,-0.11507024144358156
0.56,0.4,0.04,-163.6813126148768,-0.06388912009363334
0.56,0.42,0.02,-9.898744939229573,-0.003863740423970692
0.58,0.0,0.42,-828.608872512752,-0.3234278300979715
0.58,0.02,0.4,-973.076513549513,-0.37981734897700475
0.58,0.04,0.38,-1043.6081257421065,-0.4073476917496874
0.58,0.06,0.36,-1084.433289944809,-0.42328282678080575
0.58,0.08,0.34,-1104.9582034767627,-0.43129424020733304
0.58,0.1,0.32,-1109.6527428009213,-0.43312664234215187
0.58,0.12,0.3,-1101.1498091696558,-0.42980772377266124
0.58,0.14,0.28,-1081.1861251183564,-0.42201537296920794
0.58,0.16,0.26,-1050.9885617171894,-0.41022846996940326
0.58,0.18,0.24,-1011.4606573331548,-0.3947996895552137
0.58,0.2,0.22,-963.2809876369702,-0.37599389765315544
0.58,0.22,0.2,-906.9560128591093,-0.35400877900787303
0.58,0.24,0.18,-842.8452144728471,-0.32898464869046784
0.58,0.26,0.16,-771.1653000868228,-0.3010060933786268
0.58,0.28,0.14,-691.9735511407789,-0.2700954715244201
0.58,0.3,0.12,-605.1236859558312,-0.23619568554229894
0.58,0.32,0.1,-510.1765838274914,-0.1991353350752131
0.58,0.34,0.08,-406.22341322836564,-0.15855967928151765
0.58,0.36,0.06,-291.5096898305087,-0.11378389679620908
0.58,0.38,0.04,-162.50581132069192,-0.06343029103028691
0.58,0.4,0.02,-10.820226039166982,-0.0042234187263828615
0.58,0.42,0.0,206.67365796320428,0.08067016290900361
0.6,0.0,0.4,-786.9531583350617,-0.3071685095734205
0.6,0.02,0.38,-927.6939556607831,-0.3621033433596903
0.6,0.04,0.36,-994.4887707257803,-0.38817511595941573
0.6,0.06,0.34,-1031.5694001851916,-0.402648660622721
0.6,0.08,0.32,-1048.3435716636268,-0.40919606080504045
0.6,0.1,0.3,-1049.2815815138056,-0.4095621907132731
0.6,0.12,0.28,-1037.0150257873265,-0.4047742314806378
0.6,0.14,0.26,-1013.2767014511228,-0.39550853932489505
0.6,0.16,0.24,-979.285615791403,-0.3822409248420098
0.6,0.18,0.22,-935.9315368803236,-0.36531868790579974
0.6,0.2,0.2,-883.8703674031349,-0.34499784458039745
0.6,0.22,0.18,-823.5723190711069,-0.3214619308602963
0.6,0.24,0.16,-755.3395341252999,-0.29482888080660613
0.6,0.26,0.14,-679.2977230944534,-0.26514776254408334
0.6,0.28,0.12,-595.3574193820295,-0.23238365490769528
0.6,0.3,0.1,-503.1283789740828,-0.19638423539785738
0.6,0.32,0.08,-401.7453331841871,-0.15681176689518075
0.6,0.34,0.06,-289.4940133819332,-0.11299712527882791
0.6,0.36,0.04,-162.88323867973713,-0.06357761085246721
0.6,0.38,0.02,-13.55938266170665,-0.005292583578600708
0.6,0.4,0.0,201.5655646451287,0.0786763397765127
0.62,0.0,0.38,-743.5346985383512,-0.2902211430847398
0.62,0.02,0.36,-880.5953563543226,-0.3437195216560337
0.62,0.04,0.34,-943.7057519074551,-0.3683531684434209
0.62,0.06,0.32,-977.0996383686434,-0.3813876803765694
0.62,0.08,0.3,-990.185648843606,-0.3864954943439987
0.62,0.1,0.28,-987.4333284551558,-0.38542119132782243
0.62,0.12,0.26,-971.4709805413695,-0.3791906672285945
0.62,0.14,0.24,-944.0242623149752,-0.36847749143027897
0.62,0.16,0.22,-906.2992403877743,-0.3537524234433619
0.62,0.18,0.2,-859.1639620082369,-0.33535428493305647
0.62,0.2,0.18,-803.2391760298033,-0.31352537049861695
0.62,0.22,0.16,-738.9390157699381,-0.28842732726292863
0.62,0.24,0.14,-666.4760813899202,-0.260143138658974
0.62,0.26,0.12,-585.8310178544452,-0.22866524990755913
0.62,0.28,0.1,-496.67234591412034,-0.1938642759418448
0.62,0.3,0.08,-398.1859380279484,-0.15542244137619074
0.62,0.32,0.06,-288.703724760117,-0.11268865485015626
0.62,0.34,0.04,-164.7778180351538,-0.06431711499030325
0.62,0.36,0.02,-18.09661406543978,-0.007063584295877237
0.62,0.38,0.0,194.38574535196312,0.07587386752269508
0.64,0.0,0.36,-698.6300572399414,-0.27269368087880147
0.64,0.02,0.34,-832.0688761461206,-0.32477836049221886
0.64,0.04,0.32,-891.5591005536371,-0.3479989592939392
0.64,0.06,0.3,-921.3358872863719,-0.35962162209629805
0.64,0.08,0.28,-930.8076869025044,-0.3633187145347107
0.64,0.1,0.26,-924.4414019085798,-0.36083378610867745
0.64,0.12,0.24,-904.8589401727477,-0.3531902363986793
0.64,0.14,0.22,-873.7738717007105,-0.3410569168339614
0.64,0.16,0.2,-832.3715225837677,-0.3248964913545137
0.64,0.18,0.18,-781.4859142128644,-0.30503450043869335
0.64,0.2,0.16,-721.6830173536218,-0.2816918573577626
0.64,0.22,0.14,-653.2889251551742,-0.25499584484200943
0.64,0.24,0.12,-576.3729105878738,-0.22497350195320204
0.64,0.26,0.1,-490.675622434871,-0.19152359709211245
0.64,0.28,0.08,-395.44404239224787,-0.15435220741511754
0.64,0.3,0.06,-289.063974664989,-0.11282926986031472
0.64,0.32,0.04,-168.13692334970756,-0.06562826211773153
0.64,0.34,0.02,-24.39831874465449,-0.009523305327026685
0.64,0.36,0.0,185.15127829710673,0.0722694122232891
0.66,0.0,0.34,-652.535882854012,-0.254701912631631
0.66,0.02,0.32,-782.4237753535417,-0.3054005723016974
0.66,0.04,0.3,-838.3707586882083,-0.3272381509479243
0.66,0.06,0.28,-864.6123910352235,-0.3374809500414052
0.66,0.08,0.26,-870.5551482819192,-0.33980056445160234
0.66,0.1,0.24,-860.6603027304209,-0.33593834606119233
0.66,0.12,0.22,-837.5385532313958,-0.32691331927640677
0.66,0.14,0.2,-802.8837387723579,-0.31338663399129124
0.66,0.16,0.18,-757.848322131209,-0.29580812673052
0.66,0.18,0.16,-703.2128879462125,-0.2744824802028309
0.66,0.2,0.14,-639.4569175444531,-0.2495968485775019
0.66,0.22,0.12,-566.7649734949819,-0.2212232714780583
0.66,0.24,0.1,-484.96841872027744,-0.18929592541905818
0.66,0.26,0.08,-393.3887909839759,-0.1535499887503965
0.66,0.28,0.06,-290.47583675412125,-0.11338035675671843
0.66,0.3,0.04,-172.88824806186994,-0.0674828290825837
0.66,0.32,0.02,-32.41473552367711,-0.012652323576780405
0.68,0.0,0.32,-605.5714634528667,-0.23637046487309915
0.68,0.02,0.3,-731.9928823798946,-0.2857160687615562
0.68,0.04,0.28,-784.486821708424,-0.3062058335390382
0.68,0.06,0.26,-807.2875513781855,-0.31510555784367733
0.68,0.08,0.24,-809.796704085702,-0.3160849461202179
0.68,0.1,0.22,-796.4652469503671,-0.3108813278675554
0.68,0.12,0.2,-769.8851876214321,-0.30050643182454867
0.68,0.14,0.18,-731.7187002397586,-0.28560904826301037
0.68,0.16,0.16,-683.0661948415236,-0.26661869615386274
0.68,0.18,0.14,-624.6233681862295,-0.24380692423475048
0.68,0.2,0.12,-556.7300283357299,-0.21730636852701118
0.68,0.22,0.1,-479.3349866415956,-0.18709704875522626
0.68,0.24,0.08,-391.85301035107113,-0.15295053318808685
0.68,0.26,0.06,-292.81134019957926,-0.11429196516040371
0.68,0.28,0.04,-178.93605186707146,-0.06984344592662367
0.68,0.3,0.02,-42.07708613543832,-0.016423793079069188
0.7,0.0,0.3,-558.081330986548,-0.21783381748231187
0.7,0.02,0.28,-681.1349946585669,-0.2658648979441424
0.7,0.04,0.26,-730.279519324602,-0.28504729811049756
0.7,0.06,0.24,-749.7451413046001,-0.2926452421916494
0.7,0.08,0.22,-748.9241185659994,-0.29232477542908447
0.7,0.1,0.2,-732.2497983342182,-0.2858163498137883
0.7,0.12,0.18,-702.283759227681,-0.2741198168337976
0.7,0.14,0.16,-660.6375510690541,-0.257864206758435
0.7,0.16,0.14,-608.3283505279442,-0.2374465503871409
0.7,0.18,0.12,-545.9141017209158,-0.21308462797900085
0.7,0.2,0.1,-473.5010962247907,-0.1848199279312424
0.7,0.22,0.08,-390.6241563305839,-0.1524708791528264
0.7,0.24,0.06,-295.90680054483846,-0.11550020472412634
0.7,0.26,0.04,-186.15617341196275,-0.07266164920898337
0.7,0.28,0.02,-53.29380332938831,-0.020801972728365693
0.7,0.3,0.0,145.50390776237873,0.056794001029282136
0.72,0.0,0.28,-510.4378343389053,-0.1992373080190489
0.72,0.02,0.26,-630.2370590829723,-0.24599809539620376
0.72,0.04,0.24,-676.1486608308969,-0.26391860074225887
0.72,0.06,0.22,-692.394459273266,-0.27025976303574323
0.72,0.08,0.2,-688.3501965222495,-0.2686811809455699
0.72,0.1,0.18,-668.4200654420201,-0.26090192674895557
0.72,0.12,0.16,-635.1164950010207,-0.24790266753322512
0.72,0.14,0.14,-589.96951135974,-0.23028061273879818
0.72,0.16,0.12,-533.8605252235056,-0.2083798001394736
0.72,0.18,0.1,-467.11627824517745,-0.18232776559359493
0.72,0.2,0.08,-389.43177501521586,-0.15200546137337473
0.72,0.22,0.06,-299.553752661036,-0.11692370602678084
0.72,0.24,0.04,-194.38934779220335,-0.07587527364984216
0.72,0.26,0.02,-65.94553149298349,-0.0257402748907988
0.72,0.28,0.0,128.5245400365975,0.050166507356264003
0.74,0.0,0.26,-463.0435338311381,-0.18073806636145678
0.74,0.02,0.24,-579.7158649896464,-0.22627834495470533
0.74,0.04,0.22,-622.5220768099607,-0.24298673495996118
0.74,0.06,0.2,-635.6686112062707,-0.24811817300528752
0.74,0.08,0.18,-628.5033710401476,-0.2453213913680931
0.74,0.1,0.16,-605.3829223719204,-0.23629687233177155
0.74,0.12,0.14,-568.739937768888,-0.2219941519631941
0.74,0.14,0.12,-519.9707330656047,-0.20295824904683477
0.74,0.16,0.1,-459.72791339366995,-0.1794438925249314
0.74,0.18,0.08,-387.92973538498427,-0.15141917581158273
0.74,0.2,0.06,-303.48640284194744,-0.11845872279613966
0.74,0.22,0.04,-203.4321318626171,-0.07940491004037382
0.74,0.24,0.02,-79.87843789505109,-0.03117865460656694
0.74,0.26,0.0,109.83069540023007,0.04286980826517881
0.76,0.0,0.24,-416.33315787475294,-0.16250577843914563
0.76,0.02,0.22,-530.0187910786572,-0.20688027028950506
0.76,0.04,0.2,-569.8542556443081,-0.22242909952946088
0.76,0.06,0.18,-580.0195114621911,-0.22639686615691526
0.76,0.08,0.16,-569.816407654771,-0.22241432646398257
0.76,0.1,0.14,-543.5235811954635,-0.21215154496239363
0.76,0.12,0.12,-503.4421219912265,-0.19650669754689937
0.76,0.14,0.1,-450.742023846542,-0.17593646356280315
0.76,0.16,0.08,-385.6703134186346,-0.15053726400965362
0.76,0.18,0.06,-307.3638575615796,-0.11997219532567073
0.76,0.2,0.04,-213.02435378371365,-0.08314900647075656
0.76,0.22,0.02,-94.89513695314713,-0.03704006709285372
0.76,0.24,0.0,89.56965045506786,0.03496138968614599
0.78,0.0,0.22,-370.7746730970921,-0.1447231039313204
0.78,0.02,0.2,-481.6228167221725,-0.18799004899109142
0.78,0.04,0.18,-518.6217807836238,-0.20243171750229103
0.78,0.06,0.16,-525.9070968708984,-0.20527536792874576
0.78,0.08,0.14,-512.7045750242078,-0.20012207650942115
0.78,0.1,0.12,-483.16347249168393,-0.1885914074474038
0.78,0.12,0.1,-439.36113135101186,-0.17149420197653112
0.78,0.14,0.08,-382.06498302551245,-0.1491300087599027
0.78,0.16,0.06,-310.74420822517504,-0.12129163507144788
0.78,0.18,0.04,-222.83134385343692,-0.086976932556588
0.78,0.2,0.02,-110.74214348366581,-0.0432255704174457
0.8,0.0,0.2,-326.86869125552766,-0.12758544476979655
0.8,0.02,0.18,-435.0304192742442,-0.16980381118271723
0.8,0.04,0.16,-469.3130819897651,-0.18318523585710839
0.8,0.06,0.14,-473.77812739121237,-0.18492806047965885
0.8,0.08,0.12,-457.52426742621356,-0.1785837515619252
0.8,0.1,0.1,-424.47968060803487,-0.1656855804638079
0.8,0.12,0.08,-376.32227753221105,-0.14688847980914724
0.8,0.14,0.06,-313.04532688474137,-0.12218982218909794
0.8,0.16,0.04,-232.41802559446614,-0.09071886650901888
0.8,0.18,0.02,-127.092111633777,-0.04960739288686419
0.82,0.0,0.18,-285.14485119329765,-0.11129953292123113
0.82,0.02,0.16,-390.7598909310309,-0.15252385993633968
0.82,0.04,0.14,-422.4078990540047,-0.16487690964855944
0.82,0.06,0.12,-424.0255894154816,-0.16550833673163698
0.82,0.08,0.1,-404.4933637010736,-0.15788439546168928
0.82,0.1,0.08,-367.34322021967455,-0.14338371764782448
0.82,0.12,0.06,-313.4827363767872,-0.12236055461493793
0.82,0.14,0.04,-241.2097218020126,-0.09415049670465567
0.82,0.16,0.02,-143.5179382110789,-0.05601882489501058
0.82,0.18,0.0,21.57990103525799,0.008423202788544902
0.84,0.0,0.16,-246.15273095930934,-0.09607988314852854
0.84,0.02,0.14,-349.32550010454815,-0.1363509277351649
0.84,0.04,0.12,-378.3375066309245,-0.14767507671411478
0.84,0.06,0.1,-376.9100267310905,-0.14711789377554485
0.84,0.08,0.08,-353.5306594511021,-0.13799231199713613
0.84,0.1,0.06,-310.96505317950096,-0.12137783666394243
0.84,0.12,0.04,-248.43003882257744,-0.09696877628631052
0.84,0.14,0.02,-159.45358494170273,-0.06223892682037849
0.84,0.16,0.0,-2.3970929759252613,-0.0009356484168405581
0.86,0.0,0.14,-210.44274314561972,-0.08214133595872772
0.86,0.02,0.12,-311.19858059763556,-0.12146898855552984
0.86,0.04,0.1,-337.4070681277244,-0.13169885035546602
0.86,0.06,0.08,-332.4001894077028,-0.12974453394189733
0.86,0.08,0.06,-303.9033383977744,-0.11862146370633879
0.86,0.1,0.04,-252.996327241563,-0.09875111872065521
0.86,0.12,0.02,-174.13198282241888,-0.06796829146195928
0.86,0.14,0.0,-26.212877480694715,-0.010231575313085488
0.88,0.0,0.12,-178.5281335233076,-0.06968422467138823
0.88,0.02,0.1,-276.7309621562581,-0.10801537079817476
0.88,0.04,0.08,-299.63756581521466,-0.11695642050461097
0.88,0.06,0.06,-289.8220378180754,-0.11312516184121572
0.88,0.08,0.04,-253.32905432686357,-0.09888099085065939
0.88,0.1,0.02,-186.48051669908068,-0.07278824892211616
0.88,0.12,0.0,-49.111136298055044,-0.01916936780843029
0.9,0.0,0.1,-150.80954508337163,-0.05886493078026563
0.9,0.02,0.08,-245.99825014318685,-0.09601958522413057
0.9,0.04,0.06,-264.4164203921018,-0.10320868135330569
0.9,0.06,0.04,-246.96276916187935,-0.09639606235785705
0.9,0.08,0.02,-194.9304254275537,-0.07608647047782835
0.92,0.0,0.08,-127.41971974640273,-0.04973526694723687
0.92,0.02,0.06,-218.45214865250136,-0.08526761752461284
0.92,0.04,0.04,-229.6035698648484,-0.08962031043541967
0.92,0.06,0.02,-197.0277986079268,-0.07690513037773584
0.94,0.0,0.06,-107.87761859365719,-0.042107471034044684
0.94,0.02,0.04,-192.02870648035378,-0.07495385327593784
0.94,0.04,0.02,-188.49107939290957,-0.07357302440656042
0.94,0.06,0.0,-98.82436607911654,-0.03857374853451663
0.96,0.0,0.04,-90.19895719967599,-0.03520702465534129
0.96,0.02,0.02,-160.11070710376316,-0.062495418878374426
0.96,0.04,0.0,-99.99014510736788,-0.03902878274183529
0.98,0.0,0.02,-67.86153750160224,-0.02648814241476464
0.98,0.02,0.0,-81.71827191927173,-0.03189679020218228
1.0,0.0,0.0,0.0003328273778606672,1.2991127682743538e-7
