Clapeyron Database File,,,,,,,,,,
SaftVRMie Assoc Parameters [csvtype = assoc,grouptype = SAFTgammaMie],,,,,,,,,
species1,site1,species2,site2,epsilon_assoc,bondvol,source,,,,
aCH,e1,H2O,H,563.56,3.40E-28,,,,,
aCH,e1,aCCOOH,H,3961.5,2.34E-32,,,,,
aCCH2,e1,H2O,H,563.56,3.40E-28,,,,,
aCCH2,e1,aCCOOH,H,3961.5,2.34E-32,,,,,
aCCH,e1,H2O,H,563.56,3.40E-28,,,,,
COOH,e1,COOH,H,6427.9,8.06E-31,,,,,
COOH,e1,H2O,H,1451.8,2.81E-28,,,,,
COOH,e2,H2O,H,1252.6,1.51E-28,,,,,
COOH,H,H2O,e1,2567.7,2.70E-28,,,,,
COOH,e1,CH2OH,H,1062.1,2.11E-28,,,,,
COOH,e2,CH2OH,H,997.89,2.27E-28,,,,,
COOH,H,CH2OH,e1,3238.4,3.61E-29,,,,,
CH3COCH3,H,CH3COCH3,e1,980.2,2.87E-27,,,,,
CH3COCH3,e1,H2O,H,1588.7,7.73E-28,,,,,
CH3COCH3,e2,H2O,H,417.24,1.30E-27,,,,,
CH3COCH3,H,H2O,e1,1386.8,1.89E-28,,,,,
CH3COCH3,e1,OH,H,1492.9,9.86E-28,,,,,
CH3COCH3,H,OH,e1,1177.4,3.24E-28,,,,,
CH3COCH3,e1,CH2OH,H,1844.8,9.92E-28,,,,,
CH3COCH3,H,CH2OH,e1,686.93,5.86E-28,,,,,
CH3COCH3,e1,CHOH,H,1323.1,6.35E-28,,,,,
CH3COCH3,H,CHOH,e1,1186.9,7.31E-28,,,,,
CH3COCH3,e1,aCOH,H,2162.2,9.36E-28,,,,,
CH3COCH3,H,aCOH,e1,1053.1,5.00E-28,,,,,
CH3COCH3,e1,aCCOOH,H,2732.9,4.78E-28,,,,,
CH3COCH3,e1,aCNHaC,H,2208.9,7.51E-28,,,,,
COO,e1,H2O,H,1245.8,4.55E-28,,,,,
COO,e1,OH,H,1920.1,1.15E-28,,,,,
COO,e1,aCCOOH,H,1772.3,9.45E-28,,,,,
H2O,H,H2O,e1,1985.4,1.02E-28,,,,,
H2O,e1,CH3OH,H,1993.5,1.04E-28,,,,,
H2O,H,CH3OH,e1,1993.5,1.04E-28,,,,,
H2O,e1,CO2,e1,1398.1,9.14E-29,,,,,
H2O,e1,OH,H,500,1.38E-27,,,,,
H2O,H,OH,e1,2225.6,1.15E-28,,,,,
H2O,e1,CH2OH,H,621.68,4.25E-28,,,,,
H2O,H,CH2OH,e1,2153.2,1.47E-28,,,,,
H2O,e1,CHOH,H,2289.1,6.38E-29,,,,,
H2O,H,CHOH,e1,2140.9,1.95E-29,,,,,
H2O,e1,NH2,H,1988.3,5.58E-29,,,,,
H2O,H,NH2,e1,1460,1.80E-28,,,,,
H2O,e1,NH,H,1064.5,4.01E-28,,,,,
H2O,H,NH,e1,3890.4,9.28E-28,,,,,
H2O,H,N+,e1,2783.7,1.55E-29,,,,,
H2O,e1,cNH,H,1701,1.62E-30,,,,,
H2O,H,cNH,e1,2838.4,3.74E-29,,,,,
H2O,H,cN,e1,5203.7,3.74E-32,,,,,
H2O,H,aCCH3,e1,563.56,3.40E-28,,,,,
H2O,e1,aCOH,H,2500,5.25E-29,,,,,
H2O,H,aCOH,e1,1798.2,1.04E-28,,,,,
H2O,H,aCOH,e2,563.56,3.40E-28,,,,,
H2O,H,cCHNH,e1,5903.8,2.08E-33,,,,,
H2O,e1,cCHNH,H,5477.7,9.58E-33,,,,,
H2O,H,cCHN,e1,4115.4,2.31E-31,,,,,
H2O,H,HNO3,e1,2900,3.84E-29,,,,,
H2O,e1,HNO3,H,1606.6,3.84E-29,,,,,
H2O,H,aCCOOH,e1,882.05,9.84E-28,,,,,
H2O,H,aCCOOH,e2,882.05,9.84E-28,,,,,
H2O,H,COO-,e1,802.21,5.26E-29,,,,,
H2O,e1,aCCOOH,H,5192.5,1.12E-32,,,,,
CH3OH,H,CH3OH,e1,2062.1,1.07E-28,106.57,1.00E+30,,,
CH3OH,H,aCCOOH,e1,1400.7,4.95E-28,,,,,
CH3OH,e1,aCCOOH,H,871.46,2.56E-31,,,,,
CH3OH,H,aCNHaC,e1,2346,3.15E-30,,,,,
CH3OH,e1,aCNHaC,H,2346,3.15E-30,,,,,
CO2,e1,NH2,e1,4023.9,1.20E-28,,,,,
CO2,e2,NH2,e1,5981.4,1.00E-30,,,,,
CO2,e1,NH,e1,6012.1,1.42E-31,,,,,
CO2,e2,NH,e1,7420.5,4.35E-31,,,,,
CO2,e1,N,e1,4270.8,4.63E-31,,,,,
CO2,e2,N,e1,7439.8,6.75E-33,,,,,
CO2,e1,cNH,e1,5696.6,4.68E-30,,,,,
CO2,e2,cNH,e1,6017.9,1.10E-30,,,,,
CO2,e1,cN,e1,3388.6,1.03E-27,,,,,
CO2,e2,cN,e1,3004.9,6.59E-28,,,,,
CO2,e1,cCHNH,e1,2246,1.41E-31,,,,,
CO2,e2,cCHNH,e1,3870.8,6.45E-27,,,,,
OH,H,OH,e1,2161,5.44E-29,,,,,
OH,H,NH2,e1,1282.7,2.54E-28,,,,,
OH,e1,NH2,H,1354,1.41E-28,,,,,
OH,e1,NH,H,861.12,5.56E-28,,,,,
OH,H,NH,e1,1477.7,4.50E-28,,,,,
OH,H,N,e1,1357.2,5.99E-28,,,,,
CH2OH,H,CH2OH,e1,2097.9,6.23E-29,,,,,
CH2OH,e1,CHOH,H,1464.1,5.92E-28,,,,,
CH2OH,H,CHOH,e1,2500,1.04E-29,,,,,
CH2OH,e1,NH2,H,629.88,3.46E-28,,,,,
CH2OH,H,NH2,e1,2403.8,2.62E-29,,,,,
CH2OH,e1,NH,H,341.13,1.50E-27,,,,,
CH2OH,H,NH,e1,1390.1,9.48E-28,,,,,
CH2OH,H,N,e1,1247.2,2.87E-28,,,,,
CH2OH,H,N+,e1,1247.2,2.87E-28,,,,,
CH2OH,e1,aCOH,H,2182.7,4.03E-28,,,,,
CH2OH,H,aCOH,e1,250.03,2.50E-29,,,,,
CH2OH,H,aCCOOH,e1,1284.9,2.98E-27,,,,,
CH2OH,H,aCCOOH,e2,3889.3,4.37E-31,,,,,
CH2OH,e1,aCCOOH,H,1284.9,2.98E-27,,,,,
CHOH,H,CHOH,e1,2480.6,8.47E-30,,,,,
CHOH,H,aCCOOH,e1,2278.5,7.37E-29,,,,,
CHOH,H,aCCOOH,e2,2278.5,7.37E-29,,,,,
CHOH,e1,aCCOOH,H,2278.5,7.37E-29,,,,,
NH2,e1,NH2,H,1070.8,9.52E-29,,,,,
NH2,H,NH,e1,1639.9,3.79E-29,,,,,
NH2,e1,NH,H,1682.1,5.82E-31,,,,,
NH,e1,NH,H,1370.3,1.01E-29,,,,,
cNH,H,cNH,e1,1511.6,8.77E-29,,,,,
cNH,H,cN,e1,901.35,1.16E-30,,,,,
aCCH3,e1,aCCOOH,H,3961.5,2.34E-32,,,,,
aCOH,H,aCOH,e1,1538.1,2.76E-28,,,,,
cCHNH,e1,cCHNH,H,1293.5,4.38E-28,,,,,
HNO3,H,HNO3,e1,1300,9.00E-30,,,,,
aCCOOH,H,aCCOOH,H,4745.7,1.00E-29,,,,,
aCCOOH,H,aCNHaC,e1,2424.1,9.90E-28,,,,,
aCCOOH,H,CH3CO,e1,2828.1,4.77E-29,,,,,
cO,e1,H2O,H,2193.2,5.00E-29,,,,,
cO,e1,CH2OH,H,1472.5,4.33E-28,,,,,
cCHOH,H,cCHOH,e1,1743.6,1.66E-28,10.1080/00268976.2024.2394132,,,,
cCHOH,H,CH3OH,e1,1475,6.72E-28,10.1080/00268976.2024.2394132,,,,
cCHOH,e1,CH3OH,H,3039.4,4.97E-31,10.1080/00268976.2024.2394132,,,,
cCHOH,H,CH2OH,e1,2150.1,5.69E-29,10.1080/00268976.2024.2394132,,,,
cCHOH,e1,CH2OH,H,1702.2,1.35E-28,10.1080/00268976.2024.2394132,,,,
cCHOH,H,CHOH,e1,2004.3,3.63E-29,10.1080/00268976.2024.2394132,,,,
cCHOH,e1,CHOH,H,1346.2,5.60E-28,10.1080/00268976.2024.2394132,,,,
cCHOH,H,CH3COCH3,e1,2362.9,9.01E-28,10.1080/00268976.2024.2394132,,,,
cCHOH,e1,CH3COCH3,H,0,0.00E+00,10.1080/00268976.2024.2394132,,,,
cCHOH,H,CH3CO,e1,1790.3,7.52E-28,10.1080/00268976.2024.2394132,,,,
cCHOH,H,COO,e1,2151.6,1.00E-28,10.1080/00268976.2024.2394132,,,,
cCHOH,H,H2O,e1,1688.2,1.62E-28,10.1080/00268976.2024.2394132,,,,
cCHOH,e1,H2O,H,1815.9,1.31E-28,10.1080/00268976.2024.2394132,,,,
cCOO,e1,CH3OH,H,1267.6,1.10E-27,10.1021/acs.jced.3c00358,,,,
cCOO,e1,CH2OH,H,1496.8,6.26E-28,10.1021/acs.jced.3c00358,,,,
cCOO,e1,CHOH,H,1674.2,6.35E-28,10.1021/acs.jced.3c00358,,,,
cCOO,e1,H2O,H,1385.6,5.76E-28,10.1021/acs.jced.3c00358,,,,
